mol_id,smiles,assay_name,true_label,true_label_clean,pred_label,pred_proba,has_true_label,is_correct,error_type,confidence,error_magnitude
TOX26078,CC(=O)Oc1c(C)cc(OCC(O)CNC(C)C)c(C)c1C,NR-AR,1.0,1.0,0,0.027076492464765012,True,0.0,false_negative,0.9729235075352349,0.9729235075352349
TOX11980,Oc1ccc(/C=C/c2cc(O)cc(O)c2)cc1,NR-AR,1.0,1.0,0,0.001891707263066709,True,0.0,false_negative,0.9981082927369332,0.9981082927369332
TOX2162,N#Cc1cc(Br)c(O)c(Br)c1,NR-AR,1.0,1.0,0,0.026051954273957487,True,0.0,false_negative,0.9739480457260425,0.9739480457260425
TOX20724,CN1[C@H]2CC[C@@H]1C[C@H](OC(=O)C(CO)c1ccccc1)C2.CN1[C@H]2CC[C@@H]1C[C@H](OC(=O)C(CO)c1ccccc1)C2,NR-AR,0.0,0.0,1,0.9381339043964578,True,0.0,false_positive,0.9381339043964578,0.9381339043964578
TOX1282,CN(N=O)C(=O)N[C@H]1[C@@H](O)O[C@H](CO)[C@@H](O)[C@@H]1O,NR-AR,0.0,0.0,1,0.6542656921681775,True,0.0,false_positive,0.6542656921681775,0.6542656921681775
TOX24875,CN(C)CCN(C)CCO,NR-AR,0.0,0.0,1,0.7435612101486462,True,0.0,false_positive,0.7435612101486462,0.7435612101486462
TOX22187,CCCCNC(=S)NCCCC,NR-AR,0.0,0.0,1,0.511809735590053,True,0.0,false_positive,0.511809735590053,0.511809735590053
TOX708,NNc1ccc(C(=O)O)cc1,NR-AR,1.0,1.0,0,0.06511079618622176,True,0.0,false_negative,0.9348892038137783,0.9348892038137783
TOX18,CC(=O)Nc1ccc2c(c1)Cc1ccccc1-2,NR-AR,0.0,0.0,1,0.6915200511431494,True,0.0,false_positive,0.6915200511431494,0.6915200511431494
TOX3051,CC(C)=CCC1C(=O)N(c2ccccc2)N(c2ccccc2)C1=O,NR-AR,1.0,1.0,0,0.00020978752808234108,True,0.0,false_negative,0.9997902124719177,0.9997902124719177
TOX25572,CC1(C)[C@@H](OC(=O)CCC(=O)[O-])CC[C@@]2(C)[C@H]1CC[C@]1(C)[C@@H]2C(=O)C=C2[C@@H]3C[C@@](C)(C(=O)[O-])CC[C@]3(C)CC[C@]21C,NR-AR,0.0,0.0,1,0.8225772217010221,True,0.0,false_positive,0.8225772217010221,0.8225772217010221
TOX771,CC(C(=O)O)c1cccc(C(=O)c2ccccc2)c1,NR-AR,0.0,0.0,1,0.8746906833468181,True,0.0,false_positive,0.8746906833468181,0.8746906833468181
TOX68,Nc1ccc2c(c1)C(=O)c1ccccc1C2=O,NR-AR,0.0,0.0,1,0.8965795130487105,True,0.0,false_positive,0.8965795130487105,0.8965795130487105
TOX27312,N#Cc1ccc(N(CC(N)=O)CC(F)(F)F)cc1C(F)(F)F,NR-AR,1.0,1.0,0,0.005328928568065813,True,0.0,false_negative,0.9946710714319342,0.9946710714319342
TOX28164,CCCCCCCCCCCCOC(=O)c1cc(O)c(O)c(O)c1,NR-AR,0.0,0.0,1,0.5087979057388995,True,0.0,false_positive,0.5087979057388995,0.5087979057388995
TOX7103,C=C(C)C(=O)OCCCCCCCCCCCC,NR-AR,0.0,0.0,1,0.7994440314792167,True,0.0,false_positive,0.7994440314792167,0.7994440314792167
TOX778,C=C(C)[C@H]1CC=C(C)CC1,NR-AR,0.0,0.0,1,0.8638874128786428,True,0.0,false_positive,0.8638874128786428,0.8638874128786428
TOX13276,CCCOCC(C)OCC(C)O,NR-AR,0.0,0.0,1,0.5033253166864396,True,0.0,false_positive,0.5033253166864396,0.5033253166864396
TOX26093,O=c1[nH]c2cc(C(F)(F)F)c(N3CCOCC3)cc2n(CP(=O)(O)O)c1=O,NR-AR,0.0,0.0,1,0.5406131182404976,True,0.0,false_positive,0.5406131182404976,0.5406131182404976
TOX13674,COC1=CC(=O)O[C@@H](/C=C/c2ccc3c(c2)OCO3)C1,NR-AR,0.0,0.0,1,0.5652040978828051,True,0.0,false_positive,0.5652040978828051,0.5652040978828051
TOX25895,CC[C@@H](C(=O)[C@@H](C)[C@@H](O)[C@H](C)CCc1ccc(C)c(O)c1C(=O)[O-])[C@H]1O[C@](CC)([C@H]2CC[C@](O)(CC)[C@H](C)O2)C[C@@H]1C,NR-AR,1.0,1.0,0,0.0787336812328446,True,0.0,false_negative,0.9212663187671554,0.9212663187671554
TOX24303,CC(C)c1c(C(=O)Nc2ccccc2)c(-c2ccccc2)c(-c2ccc(F)cc2)n1CC[C@@H](O)C[C@@H](O)CC(=O)[O-].CC(C)c1c(C(=O)Nc2ccccc2)c(-c2ccccc2)c(-c2ccc(F)cc2)n1CC[C@@H](O)C[C@@H](O)CC(=O)[O-],NR-AR,0.0,0.0,1,0.6948995736410514,True,0.0,false_positive,0.6948995736410514,0.6948995736410514
TOX27599,CCCCCCOC(=O)C(C)CC,NR-AR,0.0,0.0,1,0.5141476857462157,True,0.0,false_positive,0.5141476857462157,0.5141476857462157
TOX29323,CC[n+]1ccccc1,NR-AR,1.0,1.0,0,0.06377332553967567,True,0.0,false_negative,0.9362266744603244,0.9362266744603244
TOX4834,O=C/C=C/c1ccccc1,NR-AR,1.0,1.0,0,0.0013937926546826645,True,0.0,false_negative,0.9986062073453174,0.9986062073453174
TOX14181,O=C(c1ccc(OCCN2CCCCC2)cc1)c1c(-c2ccc(O)cc2)sc2cc(O)ccc12,NR-AR,0.0,0.0,1,0.9584763391360176,True,0.0,false_positive,0.9584763391360176,0.9584763391360176
TOX1166,CCCCOCCOCCOCc1cc2c(cc1CCC)OCO2,NR-AR,0.0,0.0,1,0.6487993480513343,True,0.0,false_positive,0.6487993480513343,0.6487993480513343
TOX27874,C=C1C[C@]23CC[C@@H]4[C@](C)(C(=O)O[C@@H]5O[C@H](CO)[C@@H](O)[C@H](O)[C@H]5O)CCC[C@]4(C)[C@@H]2C[C@@H](O[C@@H]2O[C@H](CO)[C@@H](O)[C@H](O[C@@H]4O[C@H](CO)[C@@H](O)[C@H](O)[C@H]4O)[C@H]2OC2O[C@H](CO)[C@@H](O)[C@H](O)[C@H]2O)[C@@H]1C3,NR-AR,0.0,0.0,1,0.9752303850070612,True,0.0,false_positive,0.9752303850070612,0.9752303850070612
TOX3478,CC(=O)O[C@H]1C[C@@H]2CC[C@@H]3[C@H](CC[C@@]4(C)[C@H]3C[C@H](N3CC[N+](C)(C)CC3)[C@@H]4OC(C)=O)[C@@]2(C)C[C@@H]1N1CC[N+](C)(C)CC1,NR-AR,0.0,0.0,1,0.9629183133030357,True,0.0,false_positive,0.9629183133030357,0.9629183133030357
TOX2630,COc1ccc(CC2c3cc(OC)c(OC)cc3CC[N+]2(C)CCC(=O)OCCCCCOC(=O)CC[N+]2(C)CCc3cc(OC)c(OC)cc3C2Cc2ccc(OC)c(OC)c2)cc1OC.O=S(=O)([O-])c1ccccc1.O=S(=O)([O-])c1ccccc1,NR-AR,1.0,1.0,0,0.0009591827847817186,True,0.0,false_negative,0.9990408172152183,0.9990408172152183
TOX25669,CCCCCCCC/C=C\CCCCCCCC(=O)NCc1ccc(O)c(OC)c1,NR-AR,0.0,0.0,1,0.9437040340095764,True,0.0,false_positive,0.9437040340095764,0.9437040340095764
TOX26599,CN1CCN(c2cc3c(cc2F)c(=O)c(C(=O)O)cn3-c2ccc(F)cc2)CC1,NR-AR,1.0,1.0,0,0.04763956220936733,True,0.0,false_negative,0.9523604377906326,0.9523604377906326
TOX28778,Cc1ccc2c(n1)Oc1ccc(C(C)C(=O)OCC(=O)N(C)C)cc1C2,NR-AR,1.0,1.0,0,0.009094124978156194,True,0.0,false_negative,0.9909058750218438,0.9909058750218438
TOX4976,O=C(O)c1cccc(Cl)c1Cl,NR-AR,1.0,1.0,0,0.08689906191319961,True,0.0,false_negative,0.9131009380868004,0.9131009380868004
TOX28596,CCC(=O)[N-]S(=O)(=O)c1ccc(-c2c(-c3ccccc3)noc2C)cc1,NR-AR,0.0,0.0,1,0.6885390055058547,True,0.0,false_positive,0.6885390055058547,0.6885390055058547
TOX26805,CC(=O)OCC(=O)[C@@]1(O)CC[C@H]2[C@@H]3CCC4=CC(=O)CC[C@]4(C)C3=CC[C@@]21C,NR-AR,1.0,1.0,0,0.49358241180752627,True,0.0,false_negative,0.5064175881924737,0.5064175881924737
TOX3231,CCN(CC)C(=O)[C@@H]1C=C2c3cccc4[nH]cc(c34)C[C@H]2N(C)C1,NR-AR,0.0,0.0,1,0.8974998701143738,True,0.0,false_positive,0.8974998701143738,0.8974998701143738
TOX24836,O=C(c1ccc(O)cc1)c1ccc(O)cc1O,NR-AR,1.0,1.0,0,0.04370111443190489,True,0.0,false_negative,0.9562988855680951,0.9562988855680951
TOX491,CN(C)c1ccc(N=Nc2ccccc2)cc1,NR-AR,1.0,1.0,0,0.36879121382699964,True,0.0,false_negative,0.6312087861730004,0.6312087861730004
TOX2366,C[C@]12CC[C@@H]3c4ccc(O)cc4CC[C@H]3[C@@H]1C[C@@H](O)[C@@H]2O,NR-AR,0.0,0.0,1,0.9772921930163728,True,0.0,false_positive,0.9772921930163728,0.9772921930163728
TOX25625,CCCOc1ccc2[nH]c(NC(=O)OC)nc2c1,NR-AR,0.0,0.0,1,0.8596398753784013,True,0.0,false_positive,0.8596398753784013,0.8596398753784013
TOX5538,S=C1NC=NC2N=CNC12,NR-AR,0.0,0.0,1,0.7242321227041842,True,0.0,false_positive,0.7242321227041842,0.7242321227041842
TOX5406,C=C(C)C(=O)OCCCCCC,NR-AR,0.0,0.0,1,0.7994440314792167,True,0.0,false_positive,0.7994440314792167,0.7994440314792167
TOX1087,O=C1Nc2ccc(Cl)cc2C(c2ccccc2)=NC1O,NR-AR,1.0,1.0,0,0.00047754069988171144,True,0.0,false_negative,0.9995224593001183,0.9995224593001183
TOX2915,NC[C@@H]1CC[C@@H](N)[C@@H](O[C@@H]2[C@@H](N)C[C@@H](N)[C@H](O[C@H]3O[C@H](CO)[C@@H](O)[C@H](N)[C@H]3O)[C@H]2O)O1,NR-AR,1.0,1.0,0,0.03222608621588917,True,0.0,false_negative,0.9677739137841108,0.9677739137841108
TOX24624,C=CC(=O)OCCCCCCCC,NR-AR,0.0,0.0,1,0.8162001224247768,True,0.0,false_positive,0.8162001224247768,0.8162001224247768
TOX1384,FC(Cl)(Cl)Cl,NR-AR,1.0,1.0,0,0.007218402490898157,True,0.0,false_negative,0.9927815975091019,0.9927815975091019
TOX25956,C=Cc1c(C)c2cc3nc(c(CC(=O)[O-])c4[n-]c(cc5nc(cc1[n-]2)c(C)c5CC)c(C)c4C(=O)[O-])C(CCC(=O)[O-])C3C.[Cu+2],NR-AR,0.0,0.0,1,0.5917921566287601,True,0.0,false_positive,0.5917921566287601,0.5917921566287601
TOX4930,Cc1ccc(N)c(N)c1,NR-AR,0.0,0.0,1,0.7383361722525065,True,0.0,false_positive,0.7383361722525065,0.7383361722525065
TOX27050,C=C(C)[C@@H]1CCC2=CC(=O)C[C@@H](C)[C@]2(C)C1,NR-AR,0.0,0.0,1,0.6076013013719226,True,0.0,false_positive,0.6076013013719226,0.6076013013719226
TOX4559,Nc1ccc(/N=N\c2ccccc2)c(N)c1,NR-AR,0.0,0.0,1,0.981274709044268,True,0.0,false_positive,0.981274709044268,0.981274709044268
TOX26274,CC(O)C(=O)O.CCOc1ccc2nc3cc(N)ccc3c(N)c2c1,NR-AR,0.0,0.0,1,0.9117684895559702,True,0.0,false_positive,0.9117684895559702,0.9117684895559702
TOX25354,CN[C@H](CC(C)C)C(=O)N[C@H]1C(=O)N[C@@H](CC(N)=O)C(=O)N[C@H]2C(=O)N[C@H]3C(=O)N[C@H](C(=O)N[C@@H](C(=O)O)c4cc(O)cc(O)c4-c4cc3ccc4O)[C@H](O)c3ccc(c(Cl)c3)Oc3cc2cc(c3O[C@@H]2O[C@H](CO)[C@@H](O)[C@H](O)[C@H]2O[C@H]2C[C@](C)(N)C(O)[C@H](C)O2)Oc2ccc(cc2Cl)[C@H]1O,NR-AR,1.0,1.0,0,0.00633675711094321,True,0.0,false_negative,0.9936632428890568,0.9936632428890568
TOX28969,CC(=O)O[C@H]1CC[C@@]2(C)C(=CC[C@H]3[C@@H]4CC=C(c5cccnc5)[C@@]4(C)CC[C@@H]32)C1,NR-AR,0.0,0.0,1,0.6066585015568906,True,0.0,false_positive,0.6066585015568906,0.6066585015568906
TOX4554,COc1ccc(N=[N+]([O-])c2ccc(OC)cc2)cc1,NR-AR,1.0,1.0,0,0.011074311910084506,True,0.0,false_negative,0.9889256880899155,0.9889256880899155
TOX24408,NCCN1CCOCC1,NR-AR,0.0,0.0,1,0.6187600235070482,True,0.0,false_positive,0.6187600235070482,0.6187600235070482
TOX24526,CCOc1ccc(NC(=O)CC(C)=O)cc1,NR-AR,0.0,0.0,1,0.7167174820405187,True,0.0,false_positive,0.7167174820405187,0.7167174820405187
TOX25946,Cc1ccc(-c2nc3ccc(C)cn3c2CC(=O)N(C)C)cc1,NR-AR,1.0,1.0,0,0.0017283651920205008,True,0.0,false_negative,0.9982716348079795,0.9982716348079795
TOX14776,COP(=S)(OC)Oc1c(Cl)cc(C)cc1Cl,NR-AR,0.0,0.0,1,0.6838791537452056,True,0.0,false_positive,0.6838791537452056,0.6838791537452056
TOX3624,CC1=C(CC(=O)O)c2cc(F)ccc2/C1=C\c1ccc(S(C)=O)cc1,NR-AR,0.0,0.0,1,0.7605224926665837,True,0.0,false_positive,0.7605224926665837,0.7605224926665837
TOX25948,CO/N=C1\CN(c2nc3c(cc2F)c(=O)c(C(=O)O)cn3C2CC2)CC1CN,NR-AR,0.0,0.0,1,0.6529059566245258,True,0.0,false_positive,0.6529059566245258,0.6529059566245258
TOX28773,N[C@H]1CN(c2c(F)cc3c(=O)c(C(=O)O)cn(C4C[C@H]4F)c3c2Cl)CC12CC2,NR-AR,0.0,0.0,1,0.6792602858010796,True,0.0,false_positive,0.6792602858010796,0.6792602858010796
TOX14722,Cc1c(C(=O)c2cnn(C)c2O)ccc(S(C)(=O)=O)c1C1=NOCC1,NR-AR,0.0,0.0,1,0.8129049796924006,True,0.0,false_positive,0.8129049796924006,0.8129049796924006
TOX1778,O=C(Oc1ccccc1)c1ccccc1C(=O)Oc1ccccc1,NR-AR,0.0,0.0,1,0.6518109298131054,True,0.0,false_positive,0.6518109298131054,0.6518109298131054
TOX7441,CCCCCCCCOc1ccc(C(=O)c2ccccc2)c(O)c1,NR-AR,1.0,1.0,0,0.20514639987446434,True,0.0,false_negative,0.7948536001255356,0.7948536001255356
TOX14580,CCOC1Oc2ccc(OS(C)(=O)=O)cc2C1(C)C,NR-AR,0.0,0.0,1,0.7651592238401851,True,0.0,false_positive,0.7651592238401851,0.7651592238401851
TOX28889,OC[C@H]1O[C@H](O[C@@H]2[C@@H](CO)O[C@H](O[C@@H]3[C@@H](CO)O[C@H](O)[C@H](O)[C@H]3O)[C@H](O)[C@H]2O)[C@H](O)[C@@H](O)[C@@H]1O,NR-AR,1.0,1.0,0,0.06654647404762062,True,0.0,false_negative,0.9334535259523794,0.9334535259523794
TOX2699,CCCCNc1cc(C(=O)O)cc(S(N)(=O)=O)c1Oc1ccccc1,NR-AR,0.0,0.0,1,0.6530028931089444,True,0.0,false_positive,0.6530028931089444,0.6530028931089444
TOX27639,CCCCCCC#CC(=O)OC,NR-AR,0.0,0.0,1,0.5209868594828544,True,0.0,false_positive,0.5209868594828544,0.5209868594828544
TOX3005,C1CNCCN1.C[C@]12CC[C@@H]3c4ccc(OS(=O)(=O)O)cc4CC[C@H]3[C@@H]1CCC2=O,NR-AR,0.0,0.0,1,0.6750408006732083,True,0.0,false_positive,0.6750408006732083,0.6750408006732083
TOX7902,CC1=CC2C3CC(C=C3C)C2C1,NR-AR,0.0,0.0,1,0.7865770718025727,True,0.0,false_positive,0.7865770718025727,0.7865770718025727
TOX12655,CC1(C)CCC(=Cc2ccc(Cl)cc2)C1(O)Cn1cncn1,NR-AR,1.0,1.0,0,0.0020514625971965977,True,0.0,false_negative,0.9979485374028034,0.9979485374028034
TOX26815,CC(C)(CO)C(O)C(=O)NCCC(=O)NCCSSCCNC(=O)CCNC(=O)C(O)C(C)(C)CO,NR-AR,0.0,0.0,1,0.6453364605727849,True,0.0,false_positive,0.6453364605727849,0.6453364605727849
TOX22436,COc1cc(O)c(C(=O)c2ccccc2)cc1S(=O)(=O)O,NR-AR,1.0,1.0,0,0.03914574953720827,True,0.0,false_negative,0.9608542504627917,0.9608542504627917
TOX21206,c1csc(-c2ccc(-c3cccs3)s2)c1,NR-AR,1.0,1.0,0,0.015318086174952537,True,0.0,false_negative,0.9846819138250474,0.9846819138250474
TOX28923,CN1CC[C@@]23CCCC[C@@H]2[C@@H]1Cc1ccc(O)cc13,NR-AR,1.0,1.0,0,0.004490249598294414,True,0.0,false_negative,0.9955097504017056,0.9955097504017056
TOX2584,CC1(C)S[C@@H]2[C@H](/N=C/N3CCCCCC3)C(=O)N2[C@H]1C(=O)O,NR-AR,1.0,1.0,0,0.1907887818212856,True,0.0,false_negative,0.8092112181787143,0.8092112181787143
TOX25652,CC(C)NCC(O)c1ccc(N)c(C#N)c1,NR-AR,0.0,0.0,1,0.8393538305500545,True,0.0,false_positive,0.8393538305500545,0.8393538305500545
TOX22324,CC(=O)CC(c1ccccc1)c1c([O-])c2ccccc2oc1=O,NR-AR,1.0,1.0,0,5.6485935969703027e-05,True,0.0,false_negative,0.9999435140640303,0.9999435140640303
TOX22424,Nc1ccc(S(=O)(=O)Nc2cnc3ccccc3n2)cc1,NR-AR,1.0,1.0,0,0.07601042402126777,True,0.0,false_negative,0.9239895759787322,0.9239895759787322
TOX26178,CCCOc1ccc2nc(NC(=O)OC)sc2c1,NR-AR,0.0,0.0,1,0.9709169976870121,True,0.0,false_positive,0.9709169976870121,0.9709169976870121
TOX6797,Cc1cc(C)cc(C)c1,NR-AR,1.0,1.0,0,0.03791192887620721,True,0.0,false_negative,0.9620880711237928,0.9620880711237928
TOX4915,C=C(C)C(=O)OCCCCCCCCCC,NR-AR,0.0,0.0,1,0.7994440314792167,True,0.0,false_positive,0.7994440314792167,0.7994440314792167
TOX5567,COC(=O)c1ccccc1N,NR-AR,0.0,0.0,1,0.5508107626960898,True,0.0,false_positive,0.5508107626960898,0.5508107626960898
TOX28576,Cc1nc(-c2ccc(OCC(C)C)c(C#N)c2)sc1C(=O)O,NR-AR,1.0,1.0,0,0.0013363640703983948,True,0.0,false_negative,0.9986636359296016,0.9986636359296016
TOX28621,c1ccc(CCNc2nc(-c3ccccc3)cs2)cc1,NR-AR,1.0,1.0,0,0.05225726547166801,True,0.0,false_negative,0.947742734528332,0.947742734528332
TOX21916,CCCCOC(=O)C(=O)OCCCC,NR-AR,0.0,0.0,1,0.6955542540672197,True,0.0,false_positive,0.6955542540672197,0.6955542540672197
TOX27243,CC1(C)[C@@H](O[C@H]2O[C@H](C(=O)O)[C@@H](O)[C@H](O)[C@H]2O[C@@H]2O[C@H](C(=O)[O-])[C@@H](O)[C@H](O)[C@H]2O)CC[C@@]2(C)[C@H]1CC[C@]1(C)[C@@H]2C(=O)C=C2[C@@H]3C[C@@](C)(C(=O)O)CC[C@]3(C)CC[C@]21C,NR-AR,0.0,0.0,1,0.712467889114314,True,0.0,false_positive,0.712467889114314,0.712467889114314
TOX27815,CCN1CC(CCN2CCOCC2)C(c2ccccc2)(c2ccccc2)C1=O,NR-AR-LBD,0.0,0.0,1,0.7830366161206954,True,0.0,false_positive,0.7830366161206954,0.7830366161206954
TOX4783,C=CC(=O)OCCCl,NR-AR-LBD,0.0,0.0,1,0.8981969874728957,True,0.0,false_positive,0.8981969874728957,0.8981969874728957
TOX25807,Cc1ccc(S(=O)(=O)N[C@@H](CCCCN)C(=O)CCl)cc1,NR-AR-LBD,1.0,1.0,0,0.39775504509844894,True,0.0,false_negative,0.602244954901551,0.602244954901551
TOX28493,CN1C(=O)N(c2ccccc2Br)Cc2cnc(Nc3ccc4c(c3)OCC(CO)O4)nc21,NR-AR-LBD,0.0,0.0,1,0.5772203280328833,True,0.0,false_positive,0.5772203280328833,0.5772203280328833
TOX28985,Cc1nc2n(c(=O)c1CCN1CCC(c3noc4cc(F)ccc34)CC1)CCC[C@H]2O,NR-AR-LBD,0.0,0.0,1,0.5939926060988013,True,0.0,false_positive,0.5939926060988013,0.5939926060988013
TOX27312,N#Cc1ccc(N(CC(N)=O)CC(F)(F)F)cc1C(F)(F)F,NR-AR-LBD,1.0,1.0,0,0.08537444237679923,True,0.0,false_negative,0.9146255576232007,0.9146255576232007
TOX24995,CCn1c2ccccc2c2cc([N+](=O)[O-])ccc21,NR-AR-LBD,1.0,1.0,0,0.17427334578654707,True,0.0,false_negative,0.8257266542134529,0.8257266542134529
TOX294,CC(=O)Nc1ccc(C(=O)CCl)cc1,NR-AR-LBD,1.0,1.0,0,0.1572656246624111,True,0.0,false_negative,0.8427343753375889,0.8427343753375889
TOX25375,CC1(C)O[C@@H]2C[C@H]3[C@@H]4CCC5=CC(=O)CC[C@]5(C)[C@@]4(F)[C@@H](O)C[C@]3(C)[C@]2(C(=O)CCl)O1,NR-AR-LBD,0.0,0.0,1,0.668137932887128,True,0.0,false_positive,0.668137932887128,0.668137932887128
TOX28853,CCC(=O)N(c1ccccc1)C1(COC)CCN(CCn2nnn(CC)c2=O)CC1,NR-AR-LBD,0.0,0.0,1,0.5306932542237636,True,0.0,false_positive,0.5306932542237636,0.5306932542237636
TOX29323,CC[n+]1ccccc1,NR-AR-LBD,1.0,1.0,0,0.07303843362843887,True,0.0,false_negative,0.9269615663715611,0.9269615663715611
TOX24658,N=C1NC(=N)c2ccccc21,NR-AR-LBD,1.0,1.0,0,0.32003967983062254,True,0.0,false_negative,0.6799603201693775,0.6799603201693775
TOX4834,O=C/C=C/c1ccccc1,NR-AR-LBD,1.0,1.0,0,0.08754728581876597,True,0.0,false_negative,0.912452714181234,0.912452714181234
TOX12514,O=Cc1ccccc1C=O,NR-AR-LBD,1.0,1.0,0,0.03562868627659475,True,0.0,false_negative,0.9643713137234052,0.9643713137234052
TOX3775,O=C1[N-]C(=O)C(c2ccccc2)(c2ccccc2)N1,NR-AR-LBD,0.0,0.0,1,0.5142127067452948,True,0.0,false_positive,0.5142127067452948,0.5142127067452948
TOX27874,C=C1C[C@]23CC[C@@H]4[C@](C)(C(=O)O[C@@H]5O[C@H](CO)[C@@H](O)[C@H](O)[C@H]5O)CCC[C@]4(C)[C@@H]2C[C@@H](O[C@@H]2O[C@H](CO)[C@@H](O)[C@H](O[C@@H]4O[C@H](CO)[C@@H](O)[C@H](O)[C@H]4O)[C@H]2OC2O[C@H](CO)[C@@H](O)[C@H](O)[C@H]2O)[C@@H]1C3,NR-AR-LBD,0.0,0.0,1,0.8525340720215342,True,0.0,false_positive,0.8525340720215342,0.8525340720215342
TOX20712,CC[Sn](Br)(CC)CC,NR-AR-LBD,1.0,1.0,0,0.15366347661064872,True,0.0,false_negative,0.8463365233893513,0.8463365233893513
TOX2366,C[C@]12CC[C@@H]3c4ccc(O)cc4CC[C@H]3[C@@H]1C[C@@H](O)[C@@H]2O,NR-AR-LBD,0.0,0.0,1,0.8115468721318263,True,0.0,false_positive,0.8115468721318263,0.8115468721318263
TOX26235,Cc1ccc2c(Br)cc(Br)c(O)c2n1,NR-AR-LBD,0.0,0.0,1,0.5607749982854973,True,0.0,false_positive,0.5607749982854973,0.5607749982854973
TOX3179,COC(=O)C1=C(C)NC(C)=C(C(=O)OC(C)C)C1c1cccc2nonc12,NR-AR-LBD,0.0,0.0,1,0.8283723740510928,True,0.0,false_positive,0.8283723740510928,0.8283723740510928
TOX24624,C=CC(=O)OCCCCCCCC,NR-AR-LBD,0.0,0.0,1,0.6920090442951727,True,0.0,false_positive,0.6920090442951727,0.6920090442951727
TOX1384,FC(Cl)(Cl)Cl,NR-AR-LBD,1.0,1.0,0,0.007401388009959199,True,0.0,false_negative,0.9925986119900408,0.9925986119900408
TOX2934,C[C@H]1O[C@@H](O[C@H]2[C@@H](O)C[C@H](O[C@H]3[C@@H](O)C[C@H](O[C@H]4CC[C@]5(C)[C@H]6C[C@@H](O)[C@]7(C)[C@@H](C8=CC(=O)OC8)CC[C@]7(O)[C@@H]6CC[C@@H]5C4)O[C@@H]3C)O[C@@H]2C)C[C@H](O)[C@@H]1O,NR-AR-LBD,1.0,1.0,0,0.06961793055356266,True,0.0,false_negative,0.9303820694464373,0.9303820694464373
TOX26274,CC(O)C(=O)O.CCOc1ccc2nc3cc(N)ccc3c(N)c2c1,NR-AR-LBD,1.0,1.0,0,0.20349954337604464,True,0.0,false_negative,0.7965004566239553,0.7965004566239553
TOX11089,O=C1OC2(c3cc(Br)c(O)c(Br)c3Oc3c2cc(Br)c(O)c3Br)c2c(Cl)c(Cl)c(Cl)c(Cl)c21,NR-AR-LBD,0.0,0.0,1,0.5092980071756817,True,0.0,false_positive,0.5092980071756817,0.5092980071756817
TOX25474,COC(=O)[C@@]1(C)[C@H](C)C[C@H]2[C@@H]3CCC4=CC(=O)C=C[C@]4(C)[C@H]3[C@@H](O)C[C@@]21C,NR-AR-LBD,0.0,0.0,1,0.9973037860708434,True,0.0,false_positive,0.9973037860708434,0.9973037860708434
TOX24846,O=Cc1ccc(Cl)c([N+](=O)[O-])c1,NR-AR-LBD,0.0,0.0,1,0.5803522039771408,True,0.0,false_positive,0.5803522039771408,0.5803522039771408
TOX25948,CO/N=C1\CN(c2nc3c(cc2F)c(=O)c(C(=O)O)cn3C2CC2)CC1CN,NR-AR-LBD,0.0,0.0,1,0.8629620767692784,True,0.0,false_positive,0.8629620767692784,0.8629620767692784
TOX2425,O=C(c1ccc(O)cc1)c1ccc(O)cc1,NR-AR-LBD,0.0,0.0,1,0.8481852846468209,True,0.0,false_positive,0.8481852846468209,0.8481852846468209
TOX28773,N[C@H]1CN(c2c(F)cc3c(=O)c(C(=O)O)cn(C4C[C@H]4F)c3c2Cl)CC12CC2,NR-AR-LBD,0.0,0.0,1,0.9280429835771282,True,0.0,false_positive,0.9280429835771282,0.9280429835771282
TOX23709,CC1=C2C[C@H]3[C@@H](CC=C4C[C@@H](O)CC[C@@]43C)[C@@H]2CC[C@]12O[C@@H]1C[C@H](C)CN[C@H]1[C@H]2C,NR-AR-LBD,0.0,0.0,1,0.9581430809129253,True,0.0,false_positive,0.9581430809129253,0.9581430809129253
TOX28889,OC[C@H]1O[C@H](O[C@@H]2[C@@H](CO)O[C@H](O[C@@H]3[C@@H](CO)O[C@H](O)[C@H](O)[C@H]3O)[C@H](O)[C@H]2O)[C@H](O)[C@@H](O)[C@@H]1O,NR-AR-LBD,1.0,1.0,0,0.006189778758328999,True,0.0,false_negative,0.993810221241671,0.993810221241671
TOX25965,C=C[C@H]1CN2CC[C@H]1C[C@H]2[C@H](OC(=O)OCC)c1ccnc2ccc(OC)cc12,NR-AR-LBD,1.0,1.0,0,0.02612877203440005,True,0.0,false_negative,0.9738712279656,0.9738712279656
TOX24623,C=CC(=O)OCCCCO,NR-AR-LBD,0.0,0.0,1,0.890990954950994,True,0.0,false_positive,0.890990954950994,0.890990954950994
TOX26815,CC(C)(CO)C(O)C(=O)NCCC(=O)NCCSSCCNC(=O)CCNC(=O)C(O)C(C)(C)CO,NR-AR-LBD,0.0,0.0,1,0.9596915744370028,True,0.0,false_positive,0.9596915744370028,0.9596915744370028
TOX21206,c1csc(-c2ccc(-c3cccs3)s2)c1,NR-AR-LBD,1.0,1.0,0,0.014412337602877813,True,0.0,false_negative,0.9855876623971221,0.9855876623971221
TOX27381,CCCOc1sc(C(=O)N2CCC(c3cc(CN)ccc3F)CC2)c(C)c1Br,NR-AR-LBD,1.0,1.0,0,0.0008420554140111037,True,0.0,false_negative,0.9991579445859889,0.9991579445859889
TOX22324,CC(=O)CC(c1ccccc1)c1c([O-])c2ccccc2oc1=O,NR-AR-LBD,1.0,1.0,0,0.0001435682187805965,True,0.0,false_negative,0.9998564317812194,0.9998564317812194
TOX22369,CCN(CC)c1ccc2c(-c3ccccc3C(=O)O)c3ccc(N(CC)CC)cc3[o+]c2c1,NR-AR-LBD,0.0,0.0,1,0.6588274105798702,True,0.0,false_positive,0.6588274105798702,0.6588274105798702
TOX26658,CC[C@@]1(O)C[C@H](O[C@H]2C[C@H](N(C)C)[C@H](O[C@H]3C[C@H](O)[C@H](O[C@H]4CCC(=O)[C@H](C)O4)[C@H](C)O3)[C@H](C)O2)c2c(cc3c(c2O)C(=O)c2c(O)cccc2C3=O)[C@H]1C(=O)OC,NR-AR-LBD,1.0,1.0,0,0.014068783119904353,True,0.0,false_negative,0.9859312168800957,0.9859312168800957
TOX322,CCCNC(=O)NS(=O)(=O)c1ccc(Cl)cc1,NR-AR-LBD,0.0,0.0,1,0.6442101649764612,True,0.0,false_positive,0.6442101649764612,0.6442101649764612
TOX2933,C[C@H]1O[C@@H](O[C@H]2[C@@H](O)C[C@H](O[C@H]3[C@@H](O)C[C@H](O[C@H]4CC[C@]5(C)[C@H]6CC[C@]7(C)[C@@H](C8=CC(=O)OC8)CC[C@]7(O)[C@@H]6CC[C@@H]5C4)O[C@@H]3C)O[C@@H]2C)C[C@H](O)[C@@H]1O,NR-AR-LBD,1.0,1.0,0,0.24808783185341274,True,0.0,false_negative,0.7519121681465872,0.7519121681465872
TOX24776,C=CC(=O)OCCC#N,NR-AR-LBD,0.0,0.0,1,0.9013101417357521,True,0.0,false_positive,0.9013101417357521,0.9013101417357521
TOX26834,CCCCCCCCCCCCCC[n+]1ccc(C)cc1,NR-AhR,0.0,0.0,1,0.6550743499858013,True,0.0,false_positive,0.6550743499858013,0.6550743499858013
TOX25188,c1cnc(N2CCN(Cc3ccc4c(c3)OCO4)CC2)nc1,NR-AhR,0.0,0.0,1,0.6284338302778498,True,0.0,false_positive,0.6284338302778498,0.6284338302778498
TOX7584,c1ccc2sc(SN(C3CCCCC3)C3CCCCC3)nc2c1,NR-AhR,1.0,1.0,0,0.42144417690517033,True,0.0,false_negative,0.5785558230948297,0.5785558230948297
TOX26137,Cc1c(C)n(Cc2ccccc2)c2ccc(C(=O)OCCN(C)C)cc12,NR-AhR,1.0,1.0,0,0.007545586212313412,True,0.0,false_negative,0.9924544137876866,0.9924544137876866
TOX6691,CC(=O)OCC(COC(C)=O)OC(C)=O,NR-AhR,1.0,1.0,0,0.0005553597188328375,True,0.0,false_negative,0.9994446402811672,0.9994446402811672
TOX20130,COC(=O)[C@H]1[C@@H](O)CC[C@H]2CN3CCc4c([nH]c5ccccc45)[C@@H]3C[C@@H]21,NR-AhR,1.0,1.0,0,0.1536993250890986,True,0.0,false_negative,0.8463006749109014,0.8463006749109014
TOX24459,Cc1c(C2(c3cc(Br)c(O)c(Br)c3C)OS(=O)(=O)c3ccccc32)cc(Br)c(O)c1Br,NR-AhR,0.0,0.0,1,0.7514696896904243,True,0.0,false_positive,0.7514696896904243,0.7514696896904243
TOX22631,CN[C@@H]1C[C@@H](c2ccc(Cl)c(Cl)c2)c2ccccc21,NR-AhR,1.0,1.0,0,0.050510261386350036,True,0.0,false_negative,0.9494897386136499,0.9494897386136499
TOX25686,COc1cc(N)c(Cl)cc1C(=O)NC1CN2CCC1CC2,NR-AhR,0.0,0.0,1,0.601370183518782,True,0.0,false_positive,0.601370183518782,0.601370183518782
TOX25693,Cc1cccc(C)c1Nc1ncccc1C(=O)O,NR-AhR,1.0,1.0,0,0.13510052924179855,True,0.0,false_negative,0.8648994707582014,0.8648994707582014
TOX3225,O=C1Nc2ccc(Cl)cc2C(c2ccccc2Cl)=NC1O,NR-AhR,0.0,0.0,1,0.5646224702005622,True,0.0,false_positive,0.5646224702005622,0.5646224702005622
TOX2162,N#Cc1cc(Br)c(O)c(Br)c1,NR-AhR,1.0,1.0,0,0.025384052760354114,True,0.0,false_negative,0.9746159472396458,0.9746159472396458
TOX21828,COP(=S)(OC)Oc1ccc(S(N)(=O)=O)cc1,NR-AhR,0.0,0.0,1,0.7262656384847176,True,0.0,false_positive,0.7262656384847176,0.7262656384847176
TOX6088,Clc1ccc(Cl)c(Cl)c1Cl,NR-AhR,0.0,0.0,1,0.6756000577321206,True,0.0,false_positive,0.6756000577321206,0.6756000577321206
TOX4359,Oc1cc(Cl)c(Cl)cc1Cl,NR-AhR,0.0,0.0,1,0.6520773468284025,True,0.0,false_positive,0.6520773468284025,0.6520773468284025
TOX1233,O=C([O-])c1ccccc1-c1c2cc(I)c(=O)c(I)c-2oc2c(I)c([O-])c(I)cc12,NR-AhR,0.0,0.0,1,0.9117808328821547,True,0.0,false_positive,0.9117808328821547,0.9117808328821547
TOX4452,N=C(N)NC(=O)c1nc(Cl)c(N)nc1N,NR-AhR,1.0,1.0,0,0.2922427325190074,True,0.0,false_negative,0.7077572674809927,0.7077572674809927
TOX269,CCC(Cl)CCC(Cl)C(Cl)CC(Cl)C(Cl)C(Cl)CCl,NR-AhR,0.0,0.0,1,0.5727962363146136,True,0.0,false_positive,0.5727962363146136,0.5727962363146136
TOX349,COc1ccc(N)c(C)c1,NR-AhR,0.0,0.0,1,0.9873642354054377,True,0.0,false_positive,0.9873642354054377,0.9873642354054377
TOX6308,Cc1ccc(N)cc1C,NR-AhR,1.0,1.0,0,0.2721568339163508,True,0.0,false_negative,0.7278431660836492,0.7278431660836492
TOX24915,CC1COc2ccccc2N1,NR-AhR,1.0,1.0,0,0.3729766296660492,True,0.0,false_negative,0.6270233703339507,0.6270233703339507
TOX29131,CCCC[n+]1ccc(C)cc1.F[B-](F)(F)F,NR-AhR,0.0,0.0,1,0.7024237766156772,True,0.0,false_positive,0.7024237766156772,0.7024237766156772
TOX25608,COC(=O)[C@@H]1[C@@H](O)CC[C@@H]2CN3CCc4c([nH]c5ccccc45)[C@@H]3C[C@@H]21,NR-AhR,1.0,1.0,0,0.1536993250890986,True,0.0,false_negative,0.8463006749109014,0.8463006749109014
TOX28760,COc1ccc2c(C(=S)N(C)CC(=O)O)cccc2c1C(F)(F)F,NR-AhR,0.0,0.0,1,0.7841903441233034,True,0.0,false_positive,0.7841903441233034,0.7841903441233034
TOX2607,CC(C)(C#N)c1cc(Cn2cncn2)cc(C(C)(C)C#N)c1,NR-AhR,0.0,0.0,1,0.7095790663468595,True,0.0,false_positive,0.7095790663468595,0.7095790663468595
TOX401,Nc1ccc(O)c(N)c1,NR-AhR,0.0,0.0,1,0.994601575047107,True,0.0,false_positive,0.994601575047107,0.994601575047107
TOX9572,CC1COc2ccccc2N1C(=O)C(Cl)Cl,NR-AhR,1.0,1.0,0,0.013728557234837442,True,0.0,false_negative,0.9862714427651625,0.9862714427651625
TOX28164,CCCCCCCCCCCCOC(=O)c1cc(O)c(O)c(O)c1,NR-AhR,0.0,0.0,1,0.8836468876370188,True,0.0,false_positive,0.8836468876370188,0.8836468876370188
TOX28772,O=C1NC2CCCCN2C12CCN(CCCN1c3ccccc3CCc3ccc(Cl)cc31)CC2,NR-AhR,1.0,1.0,0,0.34636692979350775,True,0.0,false_negative,0.6536330702064923,0.6536330702064923
TOX820,Cn1cc[nH]c1=S,NR-AhR,0.0,0.0,1,0.8891190847373788,True,0.0,false_positive,0.8891190847373788,0.8891190847373788
TOX5486,CC(C)NCC(O)c1ccc(O)c(O)c1,NR-AhR,1.0,1.0,0,0.0839226552670334,True,0.0,false_negative,0.9160773447329666,0.9160773447329666
TOX1777,Cc1cc2nc3c(=O)[nH]c(=O)nc-3n(C[C@H](O)[C@H](O)[C@H](O)CO)c2cc1C,NR-AhR,1.0,1.0,0,0.0015321703802915723,True,0.0,false_negative,0.9984678296197085,0.9984678296197085
TOX25639,O=C(O)c1ccc(OCCn2ccnc2)cc1,NR-AhR,0.0,0.0,1,0.7612779797890994,True,0.0,false_positive,0.7612779797890994,0.7612779797890994
TOX4887,c1cc2c3c(c1)ccc1cccc(c13)C2,NR-AhR,0.0,0.0,1,0.9855172564538099,True,0.0,false_positive,0.9855172564538099,0.9855172564538099
TOX1774,c1cc2c3c(cccc3c1)CC2,NR-AhR,0.0,0.0,1,0.9235903006129489,True,0.0,false_positive,0.9235903006129489,0.9235903006129489
TOX25370,CCOC(=O)[C@@](C)(N)Cc1ccc(O)c(O)c1,NR-AhR,0.0,0.0,1,0.8563529930505734,True,0.0,false_positive,0.8563529930505734,0.8563529930505734
TOX28846,CC[C@H](OC(C)=O)C(C[C@@H](C)NC)(c1ccccc1)c1ccccc1,NR-AhR,0.0,0.0,1,0.5753777662428747,True,0.0,false_positive,0.5753777662428747,0.5753777662428747
TOX2047,CC(C)C1=CC2=CC[C@H]3[C@](C)(C(=O)O)CCC[C@]3(C)[C@H]2CC1,NR-AhR,0.0,0.0,1,0.5362102045377846,True,0.0,false_positive,0.5362102045377846,0.5362102045377846
TOX26113,CC=CC=NNC(=O)c1ccncc1,NR-AhR,1.0,1.0,0,0.19780514037803273,True,0.0,false_negative,0.8021948596219672,0.8021948596219672
TOX3871,Cc1ccc(/N=C/N(C)/C=N/c2ccc(C)cc2C)c(C)c1,NR-AhR,1.0,1.0,0,0.10890008791306763,True,0.0,false_negative,0.8910999120869324,0.8910999120869324
TOX3870,Nc1ccncc1,NR-AhR,0.0,0.0,1,0.9436303725345797,True,0.0,false_positive,0.9436303725345797,0.9436303725345797
TOX12459,CCOP(=S)(OCC)SCSCC,NR-AhR,0.0,0.0,1,0.8908745459114807,True,0.0,false_positive,0.8908745459114807,0.8908745459114807
TOX29064,Cc1nc2ccccc2s1,NR-AhR,0.0,0.0,1,0.9178014583163109,True,0.0,false_positive,0.9178014583163109,0.9178014583163109
TOX13674,COC1=CC(=O)O[C@@H](/C=C/c2ccc3c(c2)OCO3)C1,NR-AhR,1.0,1.0,0,0.0948150074129227,True,0.0,false_negative,0.9051849925870773,0.9051849925870773
TOX28823,CCCN(CCC)CCc1c[nH]c2ccccc12,NR-AhR,0.0,0.0,1,0.6524947946073791,True,0.0,false_positive,0.6524947946073791,0.6524947946073791
TOX1841,CNc1ccccc1,NR-AhR,0.0,0.0,1,0.7707503394047758,True,0.0,false_positive,0.7707503394047758,0.7707503394047758
TOX24303,CC(C)c1c(C(=O)Nc2ccccc2)c(-c2ccccc2)c(-c2ccc(F)cc2)n1CC[C@@H](O)C[C@@H](O)CC(=O)[O-].CC(C)c1c(C(=O)Nc2ccccc2)c(-c2ccccc2)c(-c2ccc(F)cc2)n1CC[C@@H](O)C[C@@H](O)CC(=O)[O-],NR-AhR,0.0,0.0,1,0.9998465128555218,True,0.0,false_positive,0.9998465128555218,0.9998465128555218
TOX9280,Cn1c(N)c(N=O)c(=O)n(C)c1=O,NR-AhR,1.0,1.0,0,0.46542171629657614,True,0.0,false_negative,0.5345782837034239,0.5345782837034239
TOX29159,CN(C)c1ccc(/C=C/c2ccc([N+](=O)[O-])cc2)cc1,NR-AhR,0.0,0.0,1,0.9771779399779742,True,0.0,false_positive,0.9771779399779742,0.9771779399779742
TOX25655,O=C(O)CN1C(=O)c2cccc3cccc(c23)C1=O,NR-AhR,0.0,0.0,1,0.7385630182556328,True,0.0,false_positive,0.7385630182556328,0.7385630182556328
TOX7594,Cc1ccc(/N=N/c2c(O)c(C(=O)[O-])cc3ccccc23)c(S(=O)(=O)[O-])c1,NR-AhR,1.0,1.0,0,0.13431602521175107,True,0.0,false_negative,0.865683974788249,0.865683974788249
TOX20547,CC1(S(=O)(=O)[O-])CC(=O)c2ccccc2C1=O,NR-AhR,1.0,1.0,0,0.1381818918182307,True,0.0,false_negative,0.8618181081817693,0.8618181081817693
TOX1864,Cc1ccc(O)c(C)c1,NR-AhR,0.0,0.0,1,0.7455777567497618,True,0.0,false_positive,0.7455777567497618,0.7455777567497618
TOX14181,O=C(c1ccc(OCCN2CCCCC2)cc1)c1c(-c2ccc(O)cc2)sc2cc(O)ccc12,NR-AhR,0.0,0.0,1,0.8053613412841016,True,0.0,false_positive,0.8053613412841016,0.8053613412841016
TOX24545,CN(C)c1ccc(O)c2c1C[C@H]1C[C@H]3[C@H](N(C)C)C(O)=C(C(N)=O)C(=O)[C@@]3(O)C(O)=C1C2=O,NR-AhR,1.0,1.0,0,0.0415744373265874,True,0.0,false_negative,0.9584255626734126,0.9584255626734126
TOX4980,O=C(O)c1ccc(Cl)c(Cl)c1,NR-AhR,0.0,0.0,1,0.7425781728707312,True,0.0,false_positive,0.7425781728707312,0.7425781728707312
TOX1166,CCCCOCCOCCOCc1cc2c(cc1CCC)OCO2,NR-AhR,1.0,1.0,0,0.09938493696178044,True,0.0,false_negative,0.9006150630382196,0.9006150630382196
TOX25170,COc1nc(C)nc(Cl)c1NC1=NCCN1,NR-AhR,1.0,1.0,0,0.005509230691081732,True,0.0,false_negative,0.9944907693089182,0.9944907693089182
TOX7479,Cc1ccc(O)c(-n2nc3ccccc3n2)c1,NR-AhR,1.0,1.0,0,0.2450972735570678,True,0.0,false_negative,0.7549027264429322,0.7549027264429322
TOX27859,CCCCCCCCCCCCOC(=O)c1ccc(O)cc1,NR-AhR,0.0,0.0,1,0.5446251683431804,True,0.0,false_positive,0.5446251683431804,0.5446251683431804
TOX9329,COC(C)COC(C)COC(C)CO,NR-AhR,1.0,1.0,0,0.00029436230902207556,True,0.0,false_negative,0.999705637690978,0.999705637690978
TOX29149,Clc1ccnc(Cl)n1,NR-AhR,0.0,0.0,1,0.7174335936172866,True,0.0,false_positive,0.7174335936172866,0.7174335936172866
TOX24002,COCCCC/C(=N\OCCN)c1ccc(C(F)(F)F)cc1,NR-AhR,0.0,0.0,1,0.9438626348205662,True,0.0,false_positive,0.9438626348205662,0.9438626348205662
TOX24606,Cc1ccc(NC(=O)N(C)C)cc1NC(=O)N(C)C,NR-AhR,0.0,0.0,1,0.8441664642640445,True,0.0,false_positive,0.8441664642640445,0.8441664642640445
TOX27174,CCCCOCCOC(=O)c1ccccc1C(=O)OCCOCCCC,NR-AhR,1.0,1.0,0,0.006024295774528851,True,0.0,false_negative,0.9939757042254711,0.9939757042254711
TOX1835,CN(C)c1ccc(C=O)cc1,NR-AhR,0.0,0.0,1,0.6099117588129178,True,0.0,false_positive,0.6099117588129178,0.6099117588129178
TOX26284,O=[N+]([O-])c1ccc(O)c2ncccc12,NR-AhR,1.0,1.0,0,0.17038576503199046,True,0.0,false_negative,0.8296142349680096,0.8296142349680096
TOX1361,Cc1ccc(N=C=O)cc1N=C=O,NR-AhR,1.0,1.0,0,0.47109478764333107,True,0.0,false_negative,0.5289052123566689,0.5289052123566689
TOX4512,Nc1cccc(C(F)(F)F)c1,NR-AhR,0.0,0.0,1,0.8048186716737247,True,0.0,false_positive,0.8048186716737247,0.8048186716737247
TOX3007,CCN(CC)C(=O)c1ccc(O)c(OC)c1,NR-AhR,0.0,0.0,1,0.8256658903089886,True,0.0,false_positive,0.8256658903089886,0.8256658903089886
TOX5733,NC(=O)c1ccccc1[N+](=O)[O-],NR-AhR,0.0,0.0,1,0.514950691370518,True,0.0,false_positive,0.514950691370518,0.514950691370518
TOX17596,CCNc1nc(NCC)nc(SC)n1,NR-AhR,0.0,0.0,1,0.8233192815977365,True,0.0,false_positive,0.8233192815977365,0.8233192815977365
TOX12623,O=C(O)CCCc1c[nH]c2ccccc12,NR-AhR,0.0,0.0,1,0.9113463306345714,True,0.0,false_positive,0.9113463306345714,0.9113463306345714
TOX28869,C=CC(=O)Nc1cc2c(Nc3ccc(F)c(Cl)c3)ncnc2cc1OCCCN1CCOCC1,NR-AhR,0.0,0.0,1,0.9862284089284395,True,0.0,false_positive,0.9862284089284395,0.9862284089284395
TOX5538,S=C1NC=NC2N=CNC12,NR-AhR,1.0,1.0,0,0.18506859597012562,True,0.0,false_negative,0.8149314040298744,0.8149314040298744
TOX1087,O=C1Nc2ccc(Cl)cc2C(c2ccccc2)=NC1O,NR-AhR,0.0,0.0,1,0.553846524069537,True,0.0,false_positive,0.553846524069537,0.553846524069537
TOX26235,Cc1ccc2c(Br)cc(Br)c(O)c2n1,NR-AhR,1.0,1.0,0,0.20534401172193445,True,0.0,false_negative,0.7946559882780655,0.7946559882780655
TOX9320,CCCCC(CC)COC(=O)c1ccc(N(C)C)cc1,NR-AhR,1.0,1.0,0,0.4792339331513659,True,0.0,false_negative,0.520766066848634,0.520766066848634
TOX262,Nc1cc(Cl)cc(C(=O)O)c1Cl,NR-AhR,0.0,0.0,1,0.9579907199114778,True,0.0,false_positive,0.9579907199114778,0.9579907199114778
TOX5013,Clc1nc2ccccc2nc1Cl,NR-AhR,0.0,0.0,1,0.6249347329001103,True,0.0,false_positive,0.6249347329001103,0.6249347329001103
TOX25752,OCCN1CCN(CCCN2c3ccccc3C=Cc3ccccc32)CC1,NR-AhR,0.0,0.0,1,0.7214750530785283,True,0.0,false_positive,0.7214750530785283,0.7214750530785283
TOX25810,O=C(CCCN1CCC(O)(c2cccc(C(F)(F)F)c2)CC1)c1ccc(F)cc1,NR-AhR,0.0,0.0,1,0.7774837898278938,True,0.0,false_positive,0.7774837898278938,0.7774837898278938
TOX430,Clc1ccccc1Cl,NR-AhR,0.0,0.0,1,0.6422610434554243,True,0.0,false_positive,0.6422610434554243,0.6422610434554243
TOX25956,C=Cc1c(C)c2cc3nc(c(CC(=O)[O-])c4[n-]c(cc5nc(cc1[n-]2)c(C)c5CC)c(C)c4C(=O)[O-])C(CCC(=O)[O-])C3C.[Cu+2],NR-AhR,1.0,1.0,0,0.0004487693384464418,True,0.0,false_negative,0.9995512306615536,0.9995512306615536
TOX20707,CCCCCc1ccc(N)cc1,NR-AhR,0.0,0.0,1,0.7283060386459402,True,0.0,false_positive,0.7283060386459402,0.7283060386459402
TOX26281,Cc1c(Cn2ccnc2)c2ccccc2n1CCC(=O)O,NR-AhR,0.0,0.0,1,0.6920214193385597,True,0.0,false_positive,0.6920214193385597,0.6920214193385597
TOX5814,O=C(O)c1cc(O)nc(O)n1,NR-AhR,0.0,0.0,1,0.5599887185790166,True,0.0,false_positive,0.5599887185790166,0.5599887185790166
TOX25767,CCOC(=O)c1cnc2c(cnn2CC)c1NN=C(C)C,NR-AhR,1.0,1.0,0,0.284360661614209,True,0.0,false_negative,0.7156393383857911,0.7156393383857911
TOX4081,O=C(O)C1C2CCC(O2)C1C(=O)O,NR-AhR,1.0,1.0,0,0.004215384316911806,True,0.0,false_negative,0.9957846156830882,0.9957846156830882
TOX24904,Cc1cc(C(=C2C=CC(=Nc3ccc(S(=O)(=O)[O-])cc3S(=O)(=O)O)C=C2)c2ccc(Nc3ccc(S(=O)(=O)[O-])cc3)cc2)ccc1N,NR-AhR,0.0,0.0,1,0.9713173537290856,True,0.0,false_positive,0.9713173537290856,0.9713173537290856
TOX7302,O=C(Cl)c1c(Cl)c(Cl)c(C(=O)Cl)c(Cl)c1Cl,NR-AhR,0.0,0.0,1,0.6154753231109962,True,0.0,false_positive,0.6154753231109962,0.6154753231109962
TOX26437,Nc1nc(Cl)nc2c1ncn2[C@@H]1O[C@H](CO)[C@@H](O)[C@@H]1F,NR-AhR,0.0,0.0,1,0.8854178889074865,True,0.0,false_positive,0.8854178889074865,0.8854178889074865
TOX28883,Cc1ccc(-n2nc(C(C)(C)C)cc2NC(=O)Nc2ccc(OCCN3CCOCC3)c3ccccc23)cc1,NR-AhR,1.0,1.0,0,0.07752931235239222,True,0.0,false_negative,0.9224706876476078,0.9224706876476078
TOX29278,BrCCOc1ccccc1,NR-AhR,0.0,0.0,1,0.6183881249039753,True,0.0,false_positive,0.6183881249039753,0.6183881249039753
TOX28824,CN(C)CCc1c[nH]c2cccc(OP(=O)(O)O)c12,NR-AhR,0.0,0.0,1,0.5007921014232266,True,0.0,false_positive,0.5007921014232266,0.5007921014232266
TOX7345,c1ccc(B(c2ccccc2)c2ccccc2)cc1,NR-AhR,1.0,1.0,0,0.06751320574619954,True,0.0,false_negative,0.9324867942538004,0.9324867942538004
TOX7502,Cc1cc(=O)nc(C(C)C)[nH]1,NR-AhR,0.0,0.0,1,0.7442376988815796,True,0.0,false_positive,0.7442376988815796,0.7442376988815796
TOX2573,Oc1ncnc2[nH]ncc12,NR-AhR,0.0,0.0,1,0.5002191325781927,True,0.0,false_positive,0.5002191325781927,0.5002191325781927
TOX4105,c1ccc2c(c1)Cc1ccccc1-2,NR-AhR,0.0,0.0,1,0.9843210853723128,True,0.0,false_positive,0.9843210853723128,0.9843210853723128
TOX12470,CCNP(=S)(OC)O/C(C)=C/C(=O)OC(C)C,NR-AhR,1.0,1.0,0,0.031436461993187455,True,0.0,false_negative,0.9685635380068125,0.9685635380068125
TOX28155,CC(C)(C)c1ccc(N)cc1,NR-AhR,0.0,0.0,1,0.7370041537068204,True,0.0,false_positive,0.7370041537068204,0.7370041537068204
TOX27725,c1ccc2c(c1)sc1ccccc12,NR-AhR,0.0,0.0,1,0.9793958674375975,True,0.0,false_positive,0.9793958674375975,0.9793958674375975
TOX24526,CCOc1ccc(NC(=O)CC(C)=O)cc1,NR-AhR,1.0,1.0,0,0.20546292121056148,True,0.0,false_negative,0.7945370787894386,0.7945370787894386
TOX7522,CC(C)(C)CC(C)(C)c1ccc(O)c(-n2nc3ccccc3n2)c1,NR-AhR,1.0,1.0,0,0.006854441748340169,True,0.0,false_negative,0.9931455582516598,0.9931455582516598
TOX24941,Nc1ccccc1S(=O)(=O)c1ccccc1,NR-AhR,0.0,0.0,1,0.538627266887184,True,0.0,false_positive,0.538627266887184,0.538627266887184
TOX703,NN,NR-AhR,1.0,1.0,0,0.10613319336523559,True,0.0,false_negative,0.8938668066347644,0.8938668066347644
TOX25093,O=C(O)CCc1nc2ccccc2[nH]1,NR-AhR,0.0,0.0,1,0.7831992196542793,True,0.0,false_positive,0.7831992196542793,0.7831992196542793
TOX15783,COC(C)(C)CCC[C@H](C)C/C=C/C(C)=C/C(=O)OC(C)C,NR-AhR,0.0,0.0,1,0.7902529567861146,True,0.0,false_positive,0.7902529567861146,0.7902529567861146
TOX26663,CCCCN(CCCC)CC(O)c1cc(Cl)cc2c1-c1ccc(Cl)cc1/C2=C/c1ccc(Cl)cc1,NR-AhR,1.0,1.0,0,0.007949319070514748,True,0.0,false_negative,0.9920506809294852,0.9920506809294852
TOX25169,CCN(CC)CCNC(=O)c1cc(Cl)c(N)cc1OC,NR-AhR,0.0,0.0,1,0.6758188413456399,True,0.0,false_positive,0.6758188413456399,0.6758188413456399
TOX25659,Clc1cccc(SC2CCNCC2)n1,NR-AhR,0.0,0.0,1,0.721344833917454,True,0.0,false_positive,0.721344833917454,0.721344833917454
TOX3159,CCC(Cc1c(I)cc(I)c(N)c1I)C(=O)O,NR-AhR,0.0,0.0,1,0.5801853151277825,True,0.0,false_positive,0.5801853151277825,0.5801853151277825
TOX22280,CCOC(=O)C(SP(=S)(OC)OC)c1ccccc1,NR-AhR,1.0,1.0,0,0.07938570009554125,True,0.0,false_negative,0.9206142999044588,0.9206142999044588
TOX27831,CC[C@]1(O)C[C@@H]2CN(CCc3c([nH]c4ccccc34)[C@@](C(=O)OC)(c3cc4c(cc3OC)N(C)[C@H]3[C@@](O)(C(=O)OC)[C@H](OC(C)=O)[C@]5(CC)C=CCN6CC[C@]43[C@@H]65)C2)C1,NR-AhR,0.0,0.0,1,0.9961180652507593,True,0.0,false_positive,0.9961180652507593,0.9961180652507593
TOX2425,O=C(c1ccc(O)cc1)c1ccc(O)cc1,NR-AhR,1.0,1.0,0,0.43537424683098513,True,0.0,false_negative,0.5646257531690149,0.5646257531690149
TOX28689,O=C(Nc1ccc(/C=C/c2ccc(NC(=O)c3cc(S(=O)(=O)O)c4cccnc4c3O)cc2S(=O)(=O)O)c(S(=O)(=O)O)c1)c1cc(S(=O)(=O)O)c2cccnc2c1O,NR-AhR,0.0,0.0,1,0.7154799445054711,True,0.0,false_positive,0.7154799445054711,0.7154799445054711
TOX28423,c1ccc2cc(CC3=NCCN3)ccc2c1,NR-AhR,1.0,1.0,0,0.027536414667158282,True,0.0,false_negative,0.9724635853328417,0.9724635853328417
TOX21661,N#Cc1ccccc1O,NR-AhR,1.0,1.0,0,0.15696840034750095,True,0.0,false_negative,0.8430315996524991,0.8430315996524991
TOX7441,CCCCCCCCOc1ccc(C(=O)c2ccccc2)c(O)c1,NR-AhR,0.0,0.0,1,0.9219740081726829,True,0.0,false_positive,0.9219740081726829,0.9219740081726829
TOX6049,C(=C\c1ccccc1)\c1ccccc1,NR-AhR,0.0,0.0,1,0.7785988180014632,True,0.0,false_positive,0.7785988180014632,0.7785988180014632
TOX22206,CCCCCCCCCCCCN1CCCC1=O,NR-AhR,1.0,1.0,0,0.01400658411939397,True,0.0,false_negative,0.9859934158806061,0.9859934158806061
TOX6228,CCOP(=O)(OCC)OCC,NR-AhR,1.0,1.0,0,0.017296845585717018,True,0.0,false_negative,0.982703154414283,0.982703154414283
TOX22077,CC(C)c1ccc(NC(=O)N(C)C)cc1,NR-AhR,1.0,1.0,0,0.48422752534585833,True,0.0,false_negative,0.5157724746541417,0.5157724746541417
TOX28729,CN1[C@H]2CC[C@@H]1C[C@H](NC(=O)n1c(=O)[nH]c3ccccc31)C2,NR-AhR,0.0,0.0,1,0.8279404351349784,True,0.0,false_positive,0.8279404351349784,0.8279404351349784
TOX6202,O=[N+]([O-])c1ccc(Cl)c(Cl)c1Cl,NR-AhR,0.0,0.0,1,0.8431039331919217,True,0.0,false_positive,0.8431039331919217,0.8431039331919217
TOX4175,COCC(=O)N(c1c(C)cccc1C)C(C)C(=O)OC,NR-AhR,0.0,0.0,1,0.8366000495569258,True,0.0,false_positive,0.8366000495569258,0.8366000495569258
TOX22117,CCOC(=O)N(C)C(=O)CSP(=S)(OCC)OCC,NR-AhR,1.0,1.0,0,0.40506903801588706,True,0.0,false_negative,0.594930961984113,0.594930961984113
TOX28160,O=C(O)Cc1cc(I)c(Oc2cc(I)c(O)c(I)c2)c(I)c1,NR-AhR,0.0,0.0,1,0.6866633787253539,True,0.0,false_positive,0.6866633787253539,0.6866633787253539
TOX12344,CCOP(=S)(OCC)OC(Cl)C(Cl)(Cl)Cl,NR-AhR,0.0,0.0,1,0.8391691996091446,True,0.0,false_positive,0.8391691996091446,0.8391691996091446
TOX21367,N#CSc1ccc([N+](=O)[O-])cc1[N+](=O)[O-],NR-AhR,0.0,0.0,1,0.510356497981626,True,0.0,false_positive,0.510356497981626,0.510356497981626
TOX9762,CCCCN(CCCC)c1ccc(C(=O)c2ccccc2C(=O)O)c(O)c1,NR-AhR,0.0,0.0,1,0.6358803302405779,True,0.0,false_positive,0.6358803302405779,0.6358803302405779
TOX5903,O=c1[nH]ncc2ccccc12,NR-AhR,0.0,0.0,1,0.7307291385098692,True,0.0,false_positive,0.7307291385098692,0.7307291385098692
TOX5006,Oc1cc(Cl)cc(Cl)c1,NR-AhR,0.0,0.0,1,0.5600038101457895,True,0.0,false_positive,0.5600038101457895,0.5600038101457895
TOX20127,Nc1cccc(N)n1,NR-AhR,1.0,1.0,0,0.0993177846091223,True,0.0,false_negative,0.9006822153908777,0.9006822153908777
TOX25762,CCc1cccc(N(C)C(=N)Nc2cccc3ccccc23)c1,NR-AhR,0.0,0.0,1,0.9555184337659631,True,0.0,false_positive,0.9555184337659631,0.9555184337659631
TOX25798,O=C(O)c1ccc2ccccc2c1O.OCc1cc(C(O)CNCCCCCCOCCCCc2ccccc2)ccc1O,NR-AhR,1.0,1.0,0,0.007640023239400035,True,0.0,false_negative,0.9923599767606,0.9923599767606
TOX5706,COc1ccc(CCC(=O)c2c(O)cc(O[C@@H]3O[C@H](CO)[C@@H](O)[C@H](O)[C@H]3O[C@@H]3O[C@@H](C)[C@H](O)[C@@H](O)[C@H]3O)cc2O)cc1O,NR-AhR,0.0,0.0,1,0.6411849638051178,True,0.0,false_positive,0.6411849638051178,0.6411849638051178
TOX12600,O=C(O)C1(C(=O)Nc2ccc(Cl)cc2Cl)CC1,NR-AhR,1.0,1.0,0,0.005834293237663474,True,0.0,false_negative,0.9941657067623365,0.9941657067623365
TOX1254,C=CCc1ccc2c(c1)OCO2,NR-AhR,0.0,0.0,1,0.543949178876477,True,0.0,false_positive,0.543949178876477,0.543949178876477
TOX28683,O=C(Cn1c(=O)sc2ccc(Cl)cc21)N1CCN(CCO)CC1,NR-AhR,0.0,0.0,1,0.7651961998269702,True,0.0,false_positive,0.7651961998269702,0.7651961998269702
TOX12398,N#Cc1c[nH]cc1-c1cccc2c1OC(F)(F)O2,NR-AhR,1.0,1.0,0,0.41166948812463056,True,0.0,false_negative,0.5883305118753694,0.5883305118753694
TOX5331,O=[N+]([O-])c1ccc(F)c([N+](=O)[O-])c1,NR-AhR,1.0,1.0,0,0.06837715064881647,True,0.0,false_negative,0.9316228493511836,0.9316228493511836
TOX21206,c1csc(-c2ccc(-c3cccs3)s2)c1,NR-AhR,1.0,1.0,0,0.1363351832193162,True,0.0,false_negative,0.8636648167806837,0.8636648167806837
TOX1304,NCCS(=O)(=O)O,NR-AhR,1.0,1.0,0,0.01464296195580223,True,0.0,false_negative,0.9853570380441977,0.9853570380441977
TOX25652,CC(C)NCC(O)c1ccc(N)c(C#N)c1,NR-AhR,0.0,0.0,1,0.5456599407746802,True,0.0,false_positive,0.5456599407746802,0.5456599407746802
TOX26245,CCCCCCOC(=O)c1cccnc1,NR-AhR,0.0,0.0,1,0.5308084464886994,True,0.0,false_positive,0.5308084464886994,0.5308084464886994
TOX1327,CCCCCc1cc(O)c2c(c1)OC(C)(C)[C@@H]1CCC(C)=C[C@@H]21,NR-AhR,1.0,1.0,0,0.054187755603612296,True,0.0,false_negative,0.9458122443963877,0.9458122443963877
TOX29162,Clc1nnc(Cl)c2ccccc12,NR-AhR,1.0,1.0,0,0.34274324873789536,True,0.0,false_negative,0.6572567512621046,0.6572567512621046
TOX29268,Brc1c2ccccc2c(Br)c2ccccc12,NR-AhR,0.0,0.0,1,0.7925459775964868,True,0.0,false_positive,0.7925459775964868,0.7925459775964868
TOX21977,CC(C)OC(=O)C(C)N(C(=O)c1ccccc1)c1ccc(F)c(Cl)c1,NR-AhR,0.0,0.0,1,0.7837712314955398,True,0.0,false_positive,0.7837712314955398,0.7837712314955398
TOX6602,CC(C)(C)c1ccc(O)c(C(C)(C)C)c1,NR-AhR,0.0,0.0,1,0.6129372535985592,True,0.0,false_positive,0.6129372535985592,0.6129372535985592
TOX4346,Brc1ccc(Br)c(Br)c1,NR-AhR,0.0,0.0,1,0.7153362270854625,True,0.0,false_positive,0.7153362270854625,0.7153362270854625
TOX7790,O=C1c2ccccc2C(=O)N1CCl,NR-AhR,0.0,0.0,1,0.5965394382504043,True,0.0,false_positive,0.5965394382504043,0.5965394382504043
TOX22369,CCN(CC)c1ccc2c(-c3ccccc3C(=O)O)c3ccc(N(CC)CC)cc3[o+]c2c1,NR-AhR,0.0,0.0,1,0.7289040355452255,True,0.0,false_positive,0.7289040355452255,0.7289040355452255
TOX15616,O=[N+]([O-])c1ccccc1[O-],NR-AhR,0.0,0.0,1,0.8813144382464013,True,0.0,false_positive,0.8813144382464013,0.8813144382464013
TOX690,Oc1c(Cl)cc(Cl)c(Cl)c1Cc1c(O)c(Cl)cc(Cl)c1Cl,NR-AhR,0.0,0.0,1,0.5176816666688875,True,0.0,false_positive,0.5176816666688875,0.5176816666688875
TOX3900,CCCCNC(=O)n1c(NC(=O)OC)nc2ccccc21,NR-AhR,1.0,1.0,0,0.40125213775336205,True,0.0,false_negative,0.598747862246638,0.598747862246638
TOX6665,N#Cc1cccnc1,NR-AhR,1.0,1.0,0,0.16459045052515425,True,0.0,false_negative,0.8354095494748457,0.8354095494748457
TOX25485,CCC1(c2cccc(O)c2)CCCCN(C)C1,NR-AhR,0.0,0.0,1,0.5414269533198287,True,0.0,false_positive,0.5414269533198287,0.5414269533198287
TOX27568,Cc1nnc(-c2ccccc2)c(=O)n1N,NR-AhR,1.0,1.0,0,0.2151885112630263,True,0.0,false_negative,0.7848114887369737,0.7848114887369737
TOX26017,CCC(COC(=O)c1cc(OC)c(OC)c(OC)c1)(c1ccccc1)N(C)C,NR-AhR,0.0,0.0,1,0.6521321067167467,True,0.0,false_positive,0.6521321067167467,0.6521321067167467
TOX5567,COC(=O)c1ccccc1N,NR-AhR,0.0,0.0,1,0.5432937012733434,True,0.0,false_positive,0.5432937012733434,0.5432937012733434
TOX3565,CN(C)CCc1c[nH]c2ccc(Cn3cncn3)cc12,NR-AhR,0.0,0.0,1,0.9343591994403245,True,0.0,false_positive,0.9343591994403245,0.9343591994403245
TOX12551,O=[N+]([O-])c1cc(C(F)(F)F)c(Cl)c([N+](=O)[O-])c1Nc1ncc(C(F)(F)F)cc1Cl,NR-AhR,1.0,1.0,0,0.08315808819637478,True,0.0,false_negative,0.9168419118036252,0.9168419118036252
TOX2,CC=O,NR-Aromatase,1.0,1.0,0,0.004920946225557972,True,0.0,false_negative,0.9950790537744421,0.9950790537744421
TOX5404,CCCCCCc1ccc(-c2ccc(C#N)cc2)cc1,NR-Aromatase,0.0,0.0,1,0.8178920751870068,True,0.0,false_positive,0.8178920751870068,0.8178920751870068
TOX27848,C[n+]1ccn(CCO)c1,NR-Aromatase,0.0,0.0,1,0.5036727126728983,True,0.0,false_positive,0.5036727126728983,0.5036727126728983
TOX6261,O=P(OC(CCl)CCl)(OC(CCl)CCl)OC(CCl)CCl,NR-Aromatase,1.0,1.0,0,0.04650722234857654,True,0.0,false_negative,0.9534927776514235,0.9534927776514235
TOX2162,N#Cc1cc(Br)c(O)c(Br)c1,NR-Aromatase,0.0,0.0,1,0.7974407699365959,True,0.0,false_positive,0.7974407699365959,0.7974407699365959
TOX31,Cc1c2oc3c(C)ccc(C(=O)N[C@@H]4C(=O)N[C@H](C(C)C)C(=O)N5CCC[C@H]5C(=O)N(C)CC(=O)N(C)[C@@H](C(C)C)C(=O)O[C@@H]4C)c3nc-2c(C(=O)N[C@@H]2C(=O)N[C@H](C(C)C)C(=O)N3CCC[C@H]3C(=O)N(C)CC(=O)N(C)[C@@H](C(C)C)C(=O)O[C@@H]2C)c(N)c1=O,NR-Aromatase,1.0,1.0,0,0.041554207223609585,True,0.0,false_negative,0.9584457927763904,0.9584457927763904
TOX21828,COP(=S)(OC)Oc1ccc(S(N)(=O)=O)cc1,NR-Aromatase,0.0,0.0,1,0.6391971297578438,True,0.0,false_positive,0.6391971297578438,0.6391971297578438
TOX392,C=CCOC(=O)c1ccccc1C(=O)OCC=C,NR-Aromatase,1.0,1.0,0,0.005040684730375115,True,0.0,false_negative,0.9949593152696249,0.9949593152696249
TOX5688,C1COCCN1,NR-Aromatase,0.0,0.0,1,0.7103161977382633,True,0.0,false_positive,0.7103161977382633,0.7103161977382633
TOX27946,COP(=O)([O-])OC.Cn1cc[n+](C)c1,NR-Aromatase,0.0,0.0,1,0.7728407900407827,True,0.0,false_positive,0.7728407900407827,0.7728407900407827
TOX20134,CC[C@]12CCCN3CCc4c(n(c5ccccc45)[C@@](O)(C(=O)OC)C1)[C@@H]32,NR-Aromatase,0.0,0.0,1,0.9031223851443668,True,0.0,false_positive,0.9031223851443668,0.9031223851443668
TOX8008,Cc1cc(C(C)(C)C)c(O)c(C)c1Cn1c(=O)n(Cc2c(C)cc(C(C)(C)C)c(O)c2C)c(=O)n(Cc2c(C)cc(C(C)(C)C)c(O)c2C)c1=O,NR-Aromatase,1.0,1.0,0,0.06889502095742901,True,0.0,false_negative,0.931104979042571,0.931104979042571
TOX27644,c1ccc2cnccc2c1,NR-Aromatase,0.0,0.0,1,0.5595287388114353,True,0.0,false_positive,0.5595287388114353,0.5595287388114353
TOX1296,CCCCC1(COC(=O)CCC(=O)O)C(=O)N(c2ccccc2)N(c2ccccc2)C1=O,NR-Aromatase,1.0,1.0,0,0.026471886037873014,True,0.0,false_negative,0.973528113962127,0.973528113962127
TOX26778,C[C@]12O[C@H](C[C@]1(O)CO)n1c3ccccc3c3c4c(c5c6ccccc6n2c5c31)CNC4=O,NR-Aromatase,1.0,1.0,0,0.08013275419002718,True,0.0,false_negative,0.9198672458099728,0.9198672458099728
TOX25701,N[C@H]1[C@@H]2CN(c3nc4c(cc3F)c(=O)c(C(=O)O)cn4-c3ccc(F)cc3F)C[C@H]12,NR-Aromatase,1.0,1.0,0,7.616015685593775e-05,True,0.0,false_negative,0.999923839843144,0.999923839843144
TOX25118,O=C(O)CCc1nc(-c2ccccc2)c(-c2ccccc2)o1,NR-Aromatase,0.0,0.0,1,0.7009394002893843,True,0.0,false_positive,0.7009394002893843,0.7009394002893843
TOX425,O=C1C(Cl)=C(Cl)C(=O)c2ccccc21,NR-Aromatase,1.0,1.0,0,0.17933309145507792,True,0.0,false_negative,0.8206669085449221,0.8206669085449221
TOX4052,CC1=C(C)S(=O)(=O)CCS1(=O)=O,NR-Aromatase,1.0,1.0,0,0.005018248959761646,True,0.0,false_negative,0.9949817510402383,0.9949817510402383
TOX25168,Cc1ccccc1CNc1ncnc2c1ncn2[C@@H]1O[C@H](CO)[C@@H](O)[C@H]1O,NR-Aromatase,1.0,1.0,0,0.05856494834455285,True,0.0,false_negative,0.9414350516554472,0.9414350516554472
TOX25639,O=C(O)c1ccc(OCCn2ccnc2)cc1,NR-Aromatase,0.0,0.0,1,0.6849209550516541,True,0.0,false_positive,0.6849209550516541,0.6849209550516541
TOX7103,C=C(C)C(=O)OCCCCCCCCCCCC,NR-Aromatase,0.0,0.0,1,0.6775186280045221,True,0.0,false_positive,0.6775186280045221,0.6775186280045221
TOX2998,C[C@]12CC[C@@H]3c4ccc(OC(=O)c5ccccc5)cc4CC[C@H]3[C@@H]1CC[C@@H]2O,NR-Aromatase,0.0,0.0,1,0.5806771462128234,True,0.0,false_positive,0.5806771462128234,0.5806771462128234
TOX25091,CC(C)(C)c1ccc(CN2CCN(C(c3ccccc3)c3ccc(Cl)cc3)CC2)cc1,NR-Aromatase,1.0,1.0,0,0.0252976878833663,True,0.0,false_negative,0.9747023121166337,0.9747023121166337
TOX3690,Cc1cccc(Nc2ccncc2S(=O)(=O)NC(=O)NC(C)C)c1,NR-Aromatase,0.0,0.0,1,0.7038947655978877,True,0.0,false_positive,0.7038947655978877,0.7038947655978877
TOX28495,CCCC[C@H]1CN(CC2CCOCC2)C(=O)OC12CCN(C1(C)CCN(C(=O)c3c(C)ncnc3C)CC1)CC2,NR-Aromatase,0.0,0.0,1,0.7382450810324401,True,0.0,false_positive,0.7382450810324401,0.7382450810324401
TOX3870,Nc1ccncc1,NR-Aromatase,0.0,0.0,1,0.7387490826361296,True,0.0,false_positive,0.7387490826361296,0.7387490826361296
TOX14338,COc1ccc(C(O)(c2cncnc2)C2CC2)cc1,NR-Aromatase,0.0,0.0,1,0.7733615864840224,True,0.0,false_positive,0.7733615864840224,0.7733615864840224
TOX25769,CCc1cc(Cl)c(OC)c(C(=O)NC[C@@H]2CCCN2CC)c1O,NR-Aromatase,1.0,1.0,0,0.0023358607136378675,True,0.0,false_negative,0.9976641392863621,0.9976641392863621
TOX7159,O=C1CCCCCO1,NR-Aromatase,0.0,0.0,1,0.6160915133022496,True,0.0,false_positive,0.6160915133022496,0.6160915133022496
TOX24359,O=C1CCCCCCCCCCCCCCO1,NR-Aromatase,0.0,0.0,1,0.6160915133022496,True,0.0,false_positive,0.6160915133022496,0.6160915133022496
TOX25669,CCCCCCCC/C=C\CCCCCCCC(=O)NCc1ccc(O)c(OC)c1,NR-Aromatase,0.0,0.0,1,0.9594101775876376,True,0.0,false_positive,0.9594101775876376,0.9594101775876376
TOX27518,c1ccc([C@H]2CN3CCSC3=N2)cc1,NR-Aromatase,0.0,0.0,1,0.8985332360988811,True,0.0,false_positive,0.8985332360988811,0.8985332360988811
TOX25766,CCCCCCCCCCCCCCCCCCOC[C@H](COP(=O)([O-])OCC[N+](C)(C)C)OC,NR-Aromatase,0.0,0.0,1,0.8324764618875679,True,0.0,false_positive,0.8324764618875679,0.8324764618875679
TOX3231,CCN(CC)C(=O)[C@@H]1C=C2c3cccc4[nH]cc(c34)C[C@H]2N(C)C1,NR-Aromatase,0.0,0.0,1,0.5762714335925188,True,0.0,false_positive,0.5762714335925188,0.5762714335925188
TOX18922,CC(C)(c1cc(Br)c(OCCO)c(Br)c1)c1cc(Br)c(OCCO)c(Br)c1,NR-Aromatase,1.0,1.0,0,0.2917286675149223,True,0.0,false_negative,0.7082713324850777,0.7082713324850777
TOX21506,Oc1ccc(Cl)cc1C1CCCC1,NR-Aromatase,1.0,1.0,0,0.09829915320940942,True,0.0,false_negative,0.9017008467905906,0.9017008467905906
TOX26853,CC1(C)CCC(C)(C)c2cc(NC(=O)c3ccc(C(=O)O)cc3)ccc21,NR-Aromatase,1.0,1.0,0,0.016150224843047203,True,0.0,false_negative,0.9838497751569528,0.9838497751569528
TOX1361,Cc1ccc(N=C=O)cc1N=C=O,NR-Aromatase,0.0,0.0,1,0.5899960700130048,True,0.0,false_positive,0.5899960700130048,0.5899960700130048
TOX26721,COC(=O)[C@H]1[C@H]2C[C@@H]3c4[nH]c5cc(OC)ccc5c4CCN3C[C@H]2C[C@@H](OC(=O)COc2ccc(OC)cc2)[C@@H]1OC,NR-Aromatase,0.0,0.0,1,0.9581344364040772,True,0.0,false_positive,0.9581344364040772,0.9581344364040772
TOX3740,CCOC(=O)C1=C[C@]2(CC)CCCN3CCc4c(n1c1ccccc41)[C@@H]32,NR-Aromatase,0.0,0.0,1,0.9940241788949218,True,0.0,false_positive,0.9940241788949218,0.9940241788949218
TOX2685,CC[N+](C)(C)Cc1ccccc1Br,NR-Aromatase,0.0,0.0,1,0.899571228071571,True,0.0,false_positive,0.899571228071571,0.899571228071571
TOX18298,Oc1ccc2ccc3cccc4ccc1c2c34,NR-Aromatase,1.0,1.0,0,0.11249240426872942,True,0.0,false_negative,0.8875075957312706,0.8875075957312706
TOX782,O=C(O)c1nn(Cc2ccc(Cl)cc2Cl)c2ccccc12,NR-Aromatase,0.0,0.0,1,0.9526336245232341,True,0.0,false_positive,0.9526336245232341,0.9526336245232341
TOX2789,CN(C)CCC(O)(c1ccccc1)c1ccccc1Cl,NR-Aromatase,0.0,0.0,1,0.5175763599287092,True,0.0,false_positive,0.5175763599287092,0.5175763599287092
TOX2366,C[C@]12CC[C@@H]3c4ccc(O)cc4CC[C@H]3[C@@H]1C[C@@H](O)[C@@H]2O,NR-Aromatase,0.0,0.0,1,0.5008235660619493,True,0.0,false_positive,0.5008235660619493,0.5008235660619493
TOX5406,C=C(C)C(=O)OCCCCCC,NR-Aromatase,0.0,0.0,1,0.6775186280045221,True,0.0,false_positive,0.6775186280045221,0.6775186280045221
TOX26148,COC(=O)C1=C(C)NC(C)=C(C(=O)OC)C1c1ccccc1OC(F)F,NR-Aromatase,0.0,0.0,1,0.7103539643882429,True,0.0,false_positive,0.7103539643882429,0.7103539643882429
TOX1946,CCCCCCCCCCO,NR-Aromatase,1.0,1.0,0,0.02795888224145148,True,0.0,false_negative,0.9720411177585485,0.9720411177585485
TOX3179,COC(=O)C1=C(C)NC(C)=C(C(=O)OC(C)C)C1c1cccc2nonc12,NR-Aromatase,0.0,0.0,1,0.7563106194210173,True,0.0,false_positive,0.7563106194210173,0.7563106194210173
TOX20707,CCCCCc1ccc(N)cc1,NR-Aromatase,1.0,1.0,0,0.47290607818321173,True,0.0,false_negative,0.5270939218167883,0.5270939218167883
TOX26281,Cc1c(Cn2ccnc2)c2ccccc2n1CCC(=O)O,NR-Aromatase,0.0,0.0,1,0.9514203895995821,True,0.0,false_positive,0.9514203895995821,0.9514203895995821
TOX14042,CCCCCCCC[N+](CCCCCCCC)(CCCCCCCC)CCCCCCCC,NR-Aromatase,1.0,1.0,0,0.3239004615030328,True,0.0,false_negative,0.6760995384969672,0.6760995384969672
TOX27050,C=C(C)[C@@H]1CCC2=CC(=O)C[C@@H](C)[C@]2(C)C1,NR-Aromatase,1.0,1.0,0,0.12255262153550014,True,0.0,false_negative,0.8774473784644998,0.8774473784644998
TOX27330,CC(C)(O)c1cnn2c(-c3ccc(F)c(-c4c(F)cccc4C#N)c3)cnc2n1,NR-Aromatase,1.0,1.0,0,0.017061253113708076,True,0.0,false_negative,0.9829387468862919,0.9829387468862919
TOX2880,C#C[C@]1(O)CC[C@H]2[C@@H]3CCC4=Cc5oncc5C[C@]4(C)[C@H]3CC[C@@]21C,NR-Aromatase,1.0,1.0,0,0.03492382319264334,True,0.0,false_negative,0.9650761768073567,0.9650761768073567
TOX2405,COc1ccc(C(=O)c2ccccc2)c(O)c1,NR-Aromatase,0.0,0.0,1,0.7728059893212404,True,0.0,false_positive,0.7728059893212404,0.7728059893212404
TOX26437,Nc1nc(Cl)nc2c1ncn2[C@@H]1O[C@H](CO)[C@@H](O)[C@@H]1F,NR-Aromatase,1.0,1.0,0,0.05694728059603773,True,0.0,false_negative,0.9430527194039623,0.9430527194039623
TOX296,Nc1ccc(Cl)cc1,NR-Aromatase,0.0,0.0,1,0.7233193566725442,True,0.0,false_positive,0.7233193566725442,0.7233193566725442
TOX28155,CC(C)(C)c1ccc(N)cc1,NR-Aromatase,0.0,0.0,1,0.7307878033254538,True,0.0,false_positive,0.7307878033254538,0.7307878033254538
TOX26453,Cc1c(C(=O)NN2CCCCC2)nn(-c2ccc(Cl)cc2Cl)c1-c1ccc(Cl)cc1,NR-Aromatase,0.0,0.0,1,0.9592371202647543,True,0.0,false_positive,0.9592371202647543,0.9592371202647543
TOX4259,CCOP(=S)(OCC)SCn1c(=O)oc2cc(Cl)ccc21,NR-Aromatase,1.0,1.0,0,0.31427723862352,True,0.0,false_negative,0.68572276137648,0.68572276137648
TOX27869,Oc1ccc(C2(c3ccc(O)cc3)CC3CC2C2CCCC32)cc1,NR-Aromatase,1.0,1.0,0,0.010618660537037285,True,0.0,false_negative,0.9893813394629627,0.9893813394629627
TOX3159,CCC(Cc1c(I)cc(I)c(N)c1I)C(=O)O,NR-Aromatase,0.0,0.0,1,0.7345425982430311,True,0.0,false_positive,0.7345425982430311,0.7345425982430311
TOX25615,O=S(=O)(c1cccc2cnccc12)N1CCCNCC1,NR-Aromatase,1.0,1.0,0,0.11323992811667484,True,0.0,false_negative,0.8867600718833252,0.8867600718833252
TOX26634,CCOc1cc(OCC)c(C(=O)CCC(=O)O)cc1OCC,NR-Aromatase,0.0,0.0,1,0.6009588094278558,True,0.0,false_positive,0.6009588094278558,0.6009588094278558
TOX24960,Nc1ccc(C(=O)OCCCOC(=O)c2ccc(N)cc2)cc1,NR-Aromatase,1.0,1.0,0,0.0849164117808923,True,0.0,false_negative,0.9150835882191077,0.9150835882191077
TOX7588,O=C=NC1CCC(CC2CCC(N=C=O)CC2)CC1,NR-Aromatase,0.0,0.0,1,0.5663783102396214,True,0.0,false_positive,0.5663783102396214,0.5663783102396214
TOX3629,CCOC(=O)Oc1c(OC)cc(C(=O)O[C@@H]2C[C@@H]3CN4CCc5c([nH]c6cc(OC)ccc56)[C@H]4C[C@@H]3[C@H](C(=O)OC)[C@H]2OC)cc1OC,NR-Aromatase,0.0,0.0,1,0.9732440216483497,True,0.0,false_positive,0.9732440216483497,0.9732440216483497
TOX14722,Cc1c(C(=O)c2cnn(C)c2O)ccc(S(C)(=O)=O)c1C1=NOCC1,NR-Aromatase,0.0,0.0,1,0.6235409420244992,True,0.0,false_positive,0.6235409420244992,0.6235409420244992
TOX7441,CCCCCCCCOc1ccc(C(=O)c2ccccc2)c(O)c1,NR-Aromatase,0.0,0.0,1,0.9785455628496622,True,0.0,false_positive,0.9785455628496622,0.9785455628496622
TOX9874,CC(C)OC(=O)C(C)(C)Oc1ccc(C(=O)c2ccc(Cl)cc2)cc1,NR-Aromatase,0.0,0.0,1,0.9701552355253994,True,0.0,false_positive,0.9701552355253994,0.9701552355253994
TOX12344,CCOP(=S)(OCC)OC(Cl)C(Cl)(Cl)Cl,NR-Aromatase,1.0,1.0,0,0.23173819422145783,True,0.0,false_negative,0.7682618057785422,0.7682618057785422
TOX3005,C1CNCCN1.C[C@]12CC[C@@H]3c4ccc(OS(=O)(=O)O)cc4CC[C@H]3[C@@H]1CCC2=O,NR-Aromatase,0.0,0.0,1,0.9951648697823864,True,0.0,false_positive,0.9951648697823864,0.9951648697823864
TOX21362,OCc1ccc(Cl)cc1Cl,NR-Aromatase,0.0,0.0,1,0.8320371781386366,True,0.0,false_positive,0.8320371781386366,0.8320371781386366
TOX12655,CC1(C)CCC(=Cc2ccc(Cl)cc2)C1(O)Cn1cncn1,NR-Aromatase,0.0,0.0,1,0.7817184346863125,True,0.0,false_positive,0.7817184346863125,0.7817184346863125
TOX14590,CSC1=N[C@@](C)(c2ccccc2)C(=O)N1Nc1ccccc1,NR-Aromatase,1.0,1.0,0,0.016146348034122196,True,0.0,false_negative,0.9838536519658778,0.9838536519658778
TOX27385,COCCOc1cc2cc(C(=O)NC3CCN(C(C)C)CC3)n(CC(=O)Nc3ccc(Cl)cn3)c2cn1,NR-Aromatase,0.0,0.0,1,0.7269055945796572,True,0.0,false_positive,0.7269055945796572,0.7269055945796572
TOX12398,N#Cc1c[nH]cc1-c1cccc2c1OC(F)(F)O2,NR-Aromatase,1.0,1.0,0,0.009567896762498092,True,0.0,false_negative,0.9904321032375019,0.9904321032375019
TOX1464,CN(C)C(=S)[S-].CN(C)C(=S)[S-].[Zn+2],NR-Aromatase,1.0,1.0,0,0.034170693802533125,True,0.0,false_negative,0.9658293061974669,0.9658293061974669
TOX25053,C[N+](C)(C)CCCCCC[N+](C)(C)C,NR-Aromatase,0.0,0.0,1,0.9156124970866265,True,0.0,false_positive,0.9156124970866265,0.9156124970866265
TOX26245,CCCCCCOC(=O)c1cccnc1,NR-Aromatase,0.0,0.0,1,0.5256601037707521,True,0.0,false_positive,0.5256601037707521,0.5256601037707521
TOX26448,O=C([O-])C[C@H](O)CC(O)/C=C/c1c(C2CC2)nc2ccccc2c1-c1ccc(F)cc1.O=C([O-])C[C@H](O)C[C@H](O)/C=C/c1c(C2CC2)nc2ccccc2c1-c1ccc(F)cc1,NR-Aromatase,1.0,1.0,0,0.06273780135827026,True,0.0,false_negative,0.9372621986417298,0.9372621986417298
TOX8001,CC(C)(c1ccc(Oc2ccc3c(c2)C(=O)OC3=O)cc1)c1ccc(Oc2ccc3c(c2)C(=O)OC3=O)cc1,NR-Aromatase,0.0,0.0,1,0.8707183405803849,True,0.0,false_positive,0.8707183405803849,0.8707183405803849
TOX3262,c1ccc2c(c1)Sc1ccccc1N2CC1CN2CCC1CC2,NR-Aromatase,1.0,1.0,0,0.008650567732294844,True,0.0,false_negative,0.9913494322677051,0.9913494322677051
TOX4002,CC1(C)C(C(=O)OC(C#N)c2cccc(Oc3ccccc3)c2)C1(C)C,NR-Aromatase,1.0,1.0,0,0.01933061218337126,True,0.0,false_negative,0.9806693878166287,0.9806693878166287
TOX28802,CCC(N)Cc1c[nH]c2ccccc12,NR-Aromatase,0.0,0.0,1,0.9118864315220184,True,0.0,false_positive,0.9118864315220184,0.9118864315220184
TOX6665,N#Cc1cccnc1,NR-Aromatase,0.0,0.0,1,0.8605205048317743,True,0.0,false_positive,0.8605205048317743,0.8605205048317743
TOX7292,CCCC[Sn](Cl)(Cl)CCCC,NR-Aromatase,1.0,1.0,0,0.008989485604605002,True,0.0,false_negative,0.991010514395395,0.991010514395395
TOX4915,C=C(C)C(=O)OCCCCCCCCCC,NR-Aromatase,0.0,0.0,1,0.6775186280045221,True,0.0,false_positive,0.6775186280045221,0.6775186280045221
TOX2886,C[N+](C)(C)CCCCCCCCCC[N+](C)(C)C,NR-Aromatase,0.0,0.0,1,0.9156124970866265,True,0.0,false_positive,0.9156124970866265,0.9156124970866265
TOX21613,Clc1ccc(C2(Cn3cncn3)OCCO2)c(Cl)c1,NR-Aromatase,0.0,0.0,1,0.9622859331321159,True,0.0,false_positive,0.9622859331321159,0.9622859331321159
TOX627,OC(Cn1cncn1)(Cn1cncn1)c1ccc(F)cc1F,NR-Aromatase,0.0,0.0,1,0.9638673380154126,True,0.0,false_positive,0.9638673380154126,0.9638673380154126
TOX3565,CN(C)CCc1c[nH]c2ccc(Cn3cncn3)cc12,NR-Aromatase,0.0,0.0,1,0.9788438525529433,True,0.0,false_positive,0.9788438525529433,0.9788438525529433
TOX22,O=C(O)c1cc(Oc2ccc(C(F)(F)F)cc2Cl)ccc1[N+](=O)[O-],NR-Aromatase,1.0,1.0,0,0.24933698136170748,True,0.0,false_negative,0.7506630186382925,0.7506630186382925
TOX10423,O=c1cc(-c2ccccc2)oc2ccc3ccccc3c12,NR-Aromatase,1.0,1.0,0,0.10585688537557049,True,0.0,false_negative,0.8941431146244295,0.8941431146244295
TOX1070,c1ccc2c(c1)[nH]c1cnccc12,NR-Aromatase,0.0,0.0,1,0.9267620915859002,True,0.0,false_positive,0.9267620915859002,0.9267620915859002
TOX23765,C[C@@H]1O[C@@H](O[C@H]2C[C@@H](O)[C@]3(CO)[C@H]4[C@H](O)C[C@]5(C)[C@@H](C6=CC(=O)OC6)CC[C@]5(O)[C@@H]4CC[C@]3(O)C2)[C@H](O)[C@H](O)[C@H]1O,NR-Aromatase,1.0,1.0,0,0.2683791624606084,True,0.0,false_negative,0.7316208375393916,0.7316208375393916
TOX25441,CN1CCOC(c2ccccc2)c2ccccc2C1,NR-ER,1.0,1.0,0,0.0010983328472730404,True,0.0,false_negative,0.998901667152727,0.998901667152727
TOX2089,CC(=O)Nc1cccc(O)c1,NR-ER,0.0,0.0,1,0.833840598640847,True,0.0,false_positive,0.833840598640847,0.833840598640847
TOX24357,COc1ccc(CO)cc1,NR-ER,0.0,0.0,1,0.7320297466492747,True,0.0,false_positive,0.7320297466492747,0.7320297466492747
TOX6691,CC(=O)OCC(COC(C)=O)OC(C)=O,NR-ER,1.0,1.0,0,0.24946834681123864,True,0.0,false_negative,0.7505316531887614,0.7505316531887614
TOX943,COc1ccc([N+](=O)[O-])cc1N,NR-ER,0.0,0.0,1,0.6507159935701301,True,0.0,false_positive,0.6507159935701301,0.6507159935701301
TOX27949,Cc1cc(C(C)(C)c2cc(C)c(O)c(C)c2)cc(C)c1O,NR-ER,1.0,1.0,0,0.30476994053073303,True,0.0,false_negative,0.695230059469267,0.695230059469267
TOX20661,CC(C)(Oc1ccc(Cl)cc1)C(=O)O,NR-ER,0.0,0.0,1,0.5919830944347166,True,0.0,false_positive,0.5919830944347166,0.5919830944347166
TOX5093,COc1ccc(Nc2ccc(OC)cc2)cc1,NR-ER,1.0,1.0,0,0.405088529124974,True,0.0,false_negative,0.594911470875026,0.594911470875026
TOX5302,CCCCC(CC)COC(=O)C=Cc1ccc(OC)cc1,NR-ER,0.0,0.0,1,0.7433756892981713,True,0.0,false_positive,0.7433756892981713,0.7433756892981713
TOX14872,Nc1cnn(-c2ccccc2)c(=O)c1Cl,NR-ER,0.0,0.0,1,0.9595427246617577,True,0.0,false_positive,0.9595427246617577,0.9595427246617577
TOX26078,CC(=O)Oc1c(C)cc(OCC(O)CNC(C)C)c(C)c1C,NR-ER,1.0,1.0,0,0.016106826384655028,True,0.0,false_negative,0.983893173615345,0.983893173615345
TOX4783,C=CC(=O)OCCCl,NR-ER,0.0,0.0,1,0.8356572692534672,True,0.0,false_positive,0.8356572692534672,0.8356572692534672
TOX28984,O=P1(N(CCCl)CCCl)NC(OO)CCO1,NR-ER,0.0,0.0,1,0.7632858286146826,True,0.0,false_positive,0.7632858286146826,0.7632858286146826
TOX144,O=C(c1ccccc1)C(O)c1ccccc1,NR-ER,0.0,0.0,1,0.802637049052313,True,0.0,false_positive,0.802637049052313,0.802637049052313
TOX7282,ClP(Cl)c1ccccc1,NR-ER,0.0,0.0,1,0.918938100092137,True,0.0,false_positive,0.918938100092137,0.918938100092137
TOX4320,Clc1cc(Cl)c(Cl)cc1Cl,NR-ER,1.0,1.0,0,0.020875887060046748,True,0.0,false_negative,0.9791241129399533,0.9791241129399533
TOX26640,C[C@@H](CSC(=O)c1ccccc1)C(=O)N1C[C@@H](Sc2ccccc2)C[C@H]1C(=O)O,NR-ER,0.0,0.0,1,0.7755068733883945,True,0.0,false_positive,0.7755068733883945,0.7755068733883945
TOX1285,O=[N+]([O-])/C=C/c1ccccc1,NR-ER,0.0,0.0,1,0.9359570572259506,True,0.0,false_positive,0.9359570572259506,0.9359570572259506
TOX7394,CCC1CCC(CCC(=O)O)C1,NR-ER,1.0,1.0,0,0.14556180853663156,True,0.0,false_negative,0.8544381914633684,0.8544381914633684
TOX29281,CCCC[n+]1cccc(C)c1.F[B-](F)(F)F,NR-ER,0.0,0.0,1,0.6561222442578007,True,0.0,false_positive,0.6561222442578007,0.6561222442578007
TOX1600,CCCCCCC(=O)O,NR-ER,0.0,0.0,1,0.6123018506584645,True,0.0,false_positive,0.6123018506584645,0.6123018506584645
TOX21197,CCCCCC/C=C\CCCCCCCC(=O)O,NR-ER,0.0,0.0,1,0.6340099208963856,True,0.0,false_positive,0.6340099208963856,0.6340099208963856
TOX4470,Nc1nc2c(Cl)cccc2s1,NR-ER,0.0,0.0,1,0.5821516493586478,True,0.0,false_positive,0.5821516493586478,0.5821516493586478
TOX269,CCC(Cl)CCC(Cl)C(Cl)CC(Cl)C(Cl)C(Cl)CCl,NR-ER,0.0,0.0,1,0.8660148014031148,True,0.0,false_positive,0.8660148014031148,0.8660148014031148
TOX2422,Nc1ccc(Cc2ccc(N)cc2)cc1,NR-ER,0.0,0.0,1,0.7348695268907214,True,0.0,false_positive,0.7348695268907214,0.7348695268907214
TOX6308,Cc1ccc(N)cc1C,NR-ER,1.0,1.0,0,0.2543441386735745,True,0.0,false_negative,0.7456558613264255,0.7456558613264255
TOX21046,CC#CCC(C)[C@H](O)/C=C/C1[C@H]2C/C(=C/CCCC(=O)O)C[C@H]2C[C@H]1O,NR-ER,1.0,1.0,0,0.017739517913663683,True,0.0,false_negative,0.9822604820863363,0.9822604820863363
TOX1296,CCCCC1(COC(=O)CCC(=O)O)C(=O)N(c2ccccc2)N(c2ccccc2)C1=O,NR-ER,0.0,0.0,1,0.7943670670073891,True,0.0,false_positive,0.7943670670073891,0.7943670670073891
TOX28838,CC(CC(C#N)(c1ccccc1)c1ccccc1)N(C)C,NR-ER,0.0,0.0,1,0.6804530930051165,True,0.0,false_positive,0.6804530930051165,0.6804530930051165
TOX29131,CCCC[n+]1ccc(C)cc1.F[B-](F)(F)F,NR-ER,0.0,0.0,1,0.7904465114322838,True,0.0,false_positive,0.7904465114322838,0.7904465114322838
TOX24798,CC(C)CP(=S)([S-])CC(C)C,NR-ER,0.0,0.0,1,0.6244876843412862,True,0.0,false_positive,0.6244876843412862,0.6244876843412862
TOX6967,O=C(OCCOCCOC(=O)c1ccccc1)c1ccccc1,NR-ER,0.0,0.0,1,0.9017313164710012,True,0.0,false_positive,0.9017313164710012,0.9017313164710012
TOX28886,CC(=O)Nc1c(I)c(NC(C)=O)c(I)c(C(=O)O)c1I,NR-ER,0.0,0.0,1,0.5026201202751857,True,0.0,false_positive,0.5026201202751857,0.5026201202751857
TOX771,CC(C(=O)O)c1cccc(C(=O)c2ccccc2)c1,NR-ER,0.0,0.0,1,0.7824510809064357,True,0.0,false_positive,0.7824510809064357,0.7824510809064357
TOX4454,CC(=O)Nc1cccc(N)c1,NR-ER,0.0,0.0,1,0.5362236668609751,True,0.0,false_positive,0.5362236668609751,0.5362236668609751
TOX24826,CC(C)CCCC(C)CC=O,NR-ER,0.0,0.0,1,0.6530885960739032,True,0.0,false_positive,0.6530885960739032,0.6530885960739032
TOX13096,O=C(O)CNC(=O)c1ccc(CO)o1,NR-ER,0.0,0.0,1,0.6856071462962623,True,0.0,false_positive,0.6856071462962623,0.6856071462962623
TOX1975,c1ccc(Nc2ccccc2)cc1,NR-ER,0.0,0.0,1,0.8753291977376867,True,0.0,false_positive,0.8753291977376867,0.8753291977376867
TOX830,COc1c2occc2cc2ccc(=O)oc12,NR-ER,0.0,0.0,1,0.5868755448804404,True,0.0,false_positive,0.5868755448804404,0.5868755448804404
TOX6190,O=C(CCl)c1ccc(Cl)cc1Cl,NR-ER,0.0,0.0,1,0.6046325609652582,True,0.0,false_positive,0.6046325609652582,0.6046325609652582
TOX5635,CNc1ccc([N+](=O)[O-])cc1,NR-ER,1.0,1.0,0,0.08450972949795725,True,0.0,false_negative,0.9154902705020428,0.9154902705020428
TOX28828,c1ccc(CN2CCNCC2)cc1,NR-ER,0.0,0.0,1,0.5483313311832023,True,0.0,false_positive,0.5483313311832023,0.5483313311832023
TOX4840,[Co+2].c1cc[cH-]c1.c1cc[cH-]c1,NR-ER,0.0,0.0,1,0.511012842629816,True,0.0,false_positive,0.511012842629816,0.511012842629816
TOX5447,ICCc1ccccc1,NR-ER,0.0,0.0,1,0.6826649884581253,True,0.0,false_positive,0.6826649884581253,0.6826649884581253
TOX4887,c1cc2c3c(c1)ccc1cccc(c13)C2,NR-ER,0.0,0.0,1,0.5900710542881479,True,0.0,false_positive,0.5900710542881479,0.5900710542881479
TOX1774,c1cc2c3c(cccc3c1)CC2,NR-ER,0.0,0.0,1,0.5890961857188373,True,0.0,false_positive,0.5890961857188373,0.5890961857188373
TOX1685,CC1=CC(=O)CC(C)(C)C1=O,NR-ER,0.0,0.0,1,0.8893592646583975,True,0.0,false_positive,0.8893592646583975,0.8893592646583975
TOX26117,C[N+](C)(C)CCOC(=O)C(O)(c1ccccc1)c1ccccc1,NR-ER,0.0,0.0,1,0.5388834461312999,True,0.0,false_positive,0.5388834461312999,0.5388834461312999
TOX26229,CC(=O)Nc1ccc(OCCOCCOc2ccc(NC(C)=O)cc2)cc1,NR-ER,0.0,0.0,1,0.7148934443985961,True,0.0,false_positive,0.7148934443985961,0.7148934443985961
TOX26816,CCCCCCCCCCCCCC(=O)OCC(COP(=O)([O-])OCC[N+](C)(C)C)OC(=O)CCCCCCCCCCCCC,NR-ER,0.0,0.0,1,0.7371947235009013,True,0.0,false_positive,0.7371947235009013,0.7371947235009013
TOX14531,CCOC(=O)NC(=S)Nc1ccccc1NC(=S)NC(=O)OCC,NR-ER,1.0,1.0,0,0.01660111857801719,True,0.0,false_negative,0.9833988814219828,0.9833988814219828
TOX26024,COC(=O)[C@H](c1ccccc1Cl)N1CCc2sccc2C1,NR-ER,1.0,1.0,0,0.025739004452934453,True,0.0,false_negative,0.9742609955470656,0.9742609955470656
TOX27832,OC(CCN1CCCCC1)(c1ccccc1)C1CC2C=CC1C2,NR-ER,0.0,0.0,1,0.7662236724745206,True,0.0,false_positive,0.7662236724745206,0.7662236724745206
TOX14338,COc1ccc(C(O)(c2cncnc2)C2CC2)cc1,NR-ER,0.0,0.0,1,0.6765956787477428,True,0.0,false_positive,0.6765956787477428,0.6765956787477428
TOX25375,CC1(C)O[C@@H]2C[C@H]3[C@@H]4CCC5=CC(=O)CC[C@]5(C)[C@@]4(F)[C@@H](O)C[C@]3(C)[C@]2(C(=O)CCl)O1,NR-ER,0.0,0.0,1,0.8901799719453207,True,0.0,false_positive,0.8901799719453207,0.8901799719453207
TOX20742,C[C@]12C[C@H](O)[C@@]3(F)[C@@H](CCC4=CC(=O)C=C[C@@]43C)[C@@H]1C[C@@H](O)[C@]2(O)C(=O)CO,NR-ER,1.0,1.0,0,0.3116657120329495,True,0.0,false_negative,0.6883342879670504,0.6883342879670504
TOX1841,CNc1ccccc1,NR-ER,0.0,0.0,1,0.5441384533080181,True,0.0,false_positive,0.5441384533080181,0.5441384533080181
TOX13163,O=C(O)c1cc(/N=N/c2ccc([N+](=O)[O-])cc2)ccc1O,NR-ER,1.0,1.0,0,0.40370455899216895,True,0.0,false_negative,0.596295441007831,0.596295441007831
TOX24401,N=C(N)c1ccccc1,NR-ER,0.0,0.0,1,0.8298376896521644,True,0.0,false_positive,0.8298376896521644,0.8298376896521644
TOX26147,O=C(CN1CCNCC1)NC1CCCCC1,NR-ER,0.0,0.0,1,0.6467095183893704,True,0.0,false_positive,0.6467095183893704,0.6467095183893704
TOX3495,C[n+]1ccccc1/C=N/O,NR-ER,0.0,0.0,1,0.5254084030845533,True,0.0,false_positive,0.5254084030845533,0.5254084030845533
TOX24901,C=CCOC(=O)c1ccc(C(=O)OCC=C)c(C(=O)OCC=C)c1,NR-ER,0.0,0.0,1,0.785823518185396,True,0.0,false_positive,0.785823518185396,0.785823518185396
TOX25769,CCc1cc(Cl)c(OC)c(C(=O)NC[C@@H]2CCCN2CC)c1O,NR-ER,1.0,1.0,0,0.009615002489867736,True,0.0,false_negative,0.9903849975101323,0.9903849975101323
TOX24303,CC(C)c1c(C(=O)Nc2ccccc2)c(-c2ccccc2)c(-c2ccc(F)cc2)n1CC[C@@H](O)C[C@@H](O)CC(=O)[O-].CC(C)c1c(C(=O)Nc2ccccc2)c(-c2ccccc2)c(-c2ccc(F)cc2)n1CC[C@@H](O)C[C@@H](O)CC(=O)[O-],NR-ER,1.0,1.0,0,0.4577965238033553,True,0.0,false_negative,0.5422034761966448,0.5422034761966448
TOX24981,O=P(O)(O)Oc1ccccc1,NR-ER,0.0,0.0,1,0.5561688222150812,True,0.0,false_positive,0.5561688222150812,0.5561688222150812
TOX26059,COc1ccc(/C=C/C(=O)O)cc1,NR-ER,0.0,0.0,1,0.5081090896837079,True,0.0,false_positive,0.5081090896837079,0.5081090896837079
TOX21117,CC[C@H]1OC(=O)[C@H](C)[C@@H](O[C@H]2C[C@@](C)(OC)[C@@H](O)[C@H](C)O2)[C@H](C)[C@@H](O[C@@H]2O[C@H](C)C[C@H](N(C)C)[C@H]2O)[C@](C)(O)C[C@@H](C)C(=NOCOCCOC)[C@H](C)[C@@H](O)[C@]1(C)O,NR-ER,0.0,0.0,1,0.6567626577765421,True,0.0,false_positive,0.6567626577765421,0.6567626577765421
TOX22097,CC1OC1C1CCC2(C)OC2C1,NR-ER,0.0,0.0,1,0.6882547974530955,True,0.0,false_positive,0.6882547974530955,0.6882547974530955
TOX895,ClC1(Cl)C2(Cl)C3(Cl)C4(Cl)C(Cl)(Cl)C5(Cl)C3(Cl)C1(Cl)C5(Cl)C24Cl,NR-ER,0.0,0.0,1,0.6221228963801412,True,0.0,false_positive,0.6221228963801412,0.6221228963801412
TOX12514,O=Cc1ccccc1C=O,NR-ER,1.0,1.0,0,0.24479045409989023,True,0.0,false_negative,0.7552095459001098,0.7552095459001098
TOX3158,C[C@H](O)C(=O)Nc1c(I)c(C(=O)NC(CO)CO)c(I)c(C(=O)NC(CO)CO)c1I,NR-ER,0.0,0.0,1,0.6299400927397276,True,0.0,false_positive,0.6299400927397276,0.6299400927397276
TOX1284,C=Cc1ccccc1,NR-ER,0.0,0.0,1,0.6226669804383976,True,0.0,false_positive,0.6226669804383976,0.6226669804383976
TOX27606,CCC(=O)OC/C=C/c1ccccc1,NR-ER,1.0,1.0,0,0.13373504743932768,True,0.0,false_negative,0.8662649525606723,0.8662649525606723
TOX911,CC(C)(Oc1ccc(C2CCCc3ccccc32)cc1)C(=O)O,NR-ER,1.0,1.0,0,0.016545692399860187,True,0.0,false_negative,0.9834543076001399,0.9834543076001399
TOX27874,C=C1C[C@]23CC[C@@H]4[C@](C)(C(=O)O[C@@H]5O[C@H](CO)[C@@H](O)[C@H](O)[C@H]5O)CCC[C@]4(C)[C@@H]2C[C@@H](O[C@@H]2O[C@H](CO)[C@@H](O)[C@H](O[C@@H]4O[C@H](CO)[C@@H](O)[C@H](O)[C@H]4O)[C@H]2OC2O[C@H](CO)[C@@H](O)[C@H](O)[C@H]2O)[C@@H]1C3,NR-ER,0.0,0.0,1,0.7008610167609471,True,0.0,false_positive,0.7008610167609471,0.7008610167609471
TOX7479,Cc1ccc(O)c(-n2nc3ccccc3n2)c1,NR-ER,1.0,1.0,0,0.31070477311268757,True,0.0,false_negative,0.6892952268873125,0.6892952268873125
TOX27859,CCCCCCCCCCCCOC(=O)c1ccc(O)cc1,NR-ER,0.0,0.0,1,0.9693392658176998,True,0.0,false_positive,0.9693392658176998,0.9693392658176998
TOX26772,CCCN(CCc1cccs1)[C@H]1CCc2c(O)cccc2C1,NR-ER,0.0,0.0,1,0.8896915091282963,True,0.0,false_positive,0.8896915091282963,0.8896915091282963
TOX29341,CC[Ge](Cl)(CC)CC,NR-ER,1.0,1.0,0,0.026419349160469185,True,0.0,false_negative,0.9735806508395308,0.9735806508395308
TOX27518,c1ccc([C@H]2CN3CCSC3=N2)cc1,NR-ER,1.0,1.0,0,0.07942676242378206,True,0.0,false_negative,0.9205732375762179,0.9205732375762179
TOX24002,COCCCC/C(=N\OCCN)c1ccc(C(F)(F)F)cc1,NR-ER,0.0,0.0,1,0.8724941153018655,True,0.0,false_positive,0.8724941153018655,0.8724941153018655
TOX9698,O=S(=O)([O-])OOS(=O)(=O)[O-],NR-ER,1.0,1.0,0,0.33996629972968784,True,0.0,false_negative,0.6600337002703122,0.6600337002703122
TOX3149,CC(=O)N(CC(C)C(=O)O)c1c(I)cc(I)c(N)c1I,NR-ER,0.0,0.0,1,0.8797153576040073,True,0.0,false_positive,0.8797153576040073,0.8797153576040073
TOX3231,CCN(CC)C(=O)[C@@H]1C=C2c3cccc4[nH]cc(c34)C[C@H]2N(C)C1,NR-ER,1.0,1.0,0,0.09289899761855638,True,0.0,false_negative,0.9071010023814436,0.9071010023814436
TOX26682,CCCCCCCCCCCCCCCCCCCCCC(=O)Nc1ccn([C@@H]2O[C@H](CO)[C@@H](O)[C@@H]2O)c(=O)n1,NR-ER,0.0,0.0,1,0.8567030496840017,True,0.0,false_positive,0.8567030496840017,0.8567030496840017
TOX27189,CCCCCCCCCCOC(C)=O,NR-ER,1.0,1.0,0,0.253776072309906,True,0.0,false_negative,0.7462239276900939,0.7462239276900939
TOX6647,O=C(O)c1ccc(O)cc1,NR-ER,0.0,0.0,1,0.7768347517824118,True,0.0,false_positive,0.7768347517824118,0.7768347517824118
TOX3333,C[C@@H]1C[C@H]2[C@@H]3CCC4=CC(=O)C=C[C@]4(C)[C@@]3(Cl)[C@@H](O)C[C@]2(C)[C@@]1(OC(=O)c1ccco1)C(=O)CCl,NR-ER,0.0,0.0,1,0.9859640924497297,True,0.0,false_positive,0.9859640924497297,0.9859640924497297
TOX17734,CCCCCCCCCCCCCCC(Br)C(=O)O,NR-ER,0.0,0.0,1,0.5534531051120813,True,0.0,false_positive,0.5534531051120813,0.5534531051120813
TOX1361,Cc1ccc(N=C=O)cc1N=C=O,NR-ER,1.0,1.0,0,0.0019878801760215233,True,0.0,false_negative,0.9980121198239785,0.9980121198239785
TOX29389,O=c1c(=O)c2cccc3cccc1c32,NR-ER,0.0,0.0,1,0.8198706117231601,True,0.0,false_positive,0.8198706117231601,0.8198706117231601
TOX9869,CC(C)(Oc1ccc(CCNC(=O)c2ccc(Cl)cc2)cc1)C(=O)O,NR-ER,0.0,0.0,1,0.76504649502743,True,0.0,false_positive,0.76504649502743,0.76504649502743
TOX25318,O=c1ccc2cc(O[C@@H]3O[C@H](CO)[C@@H](O)[C@H](O)[C@H]3O)c(O)cc2o1,NR-ER,0.0,0.0,1,0.5188135135004099,True,0.0,false_positive,0.5188135135004099,0.5188135135004099
TOX25222,O=C(NCCNCC(O)COc1ccc(O)cc1)N1CCOCC1,NR-ER,0.0,0.0,1,0.6120241420225424,True,0.0,false_positive,0.6120241420225424,0.6120241420225424
TOX3097,Cc1cc(C(=O)NCCc2ccc(S(=O)(=O)NC(=O)NN3CCCCCC3)cc2)no1,NR-ER,0.0,0.0,1,0.8579754013143263,True,0.0,false_positive,0.8579754013143263,0.8579754013143263
TOX18298,Oc1ccc2ccc3cccc4ccc1c2c34,NR-ER,1.0,1.0,0,0.14330576203971654,True,0.0,false_negative,0.8566942379602834,0.8566942379602834
TOX25789,CNC(=O)OCC[N+](C)(C)C,NR-ER,0.0,0.0,1,0.8029376645310249,True,0.0,false_positive,0.8029376645310249,0.8029376645310249
TOX22681,C[C@@H]1CC[C@H]2[C@@H](C)[C@H](OC(=O)CCC(=O)O)O[C@@H]3O[C@]4(C)CC[C@@H]1C23OO4,NR-ER,0.0,0.0,1,0.7791715309840826,True,0.0,false_positive,0.7791715309840826,0.7791715309840826
TOX10138,CC(=O)CCC(C)=O,NR-ER,0.0,0.0,1,0.5143419867871836,True,0.0,false_positive,0.5143419867871836,0.5143419867871836
TOX3693,COc1ccc(/C=C/C(=O)Nc2ccccc2C(=O)O)cc1OC,NR-ER,0.0,0.0,1,0.9910375485119941,True,0.0,false_positive,0.9910375485119941,0.9910375485119941
TOX12667,CC(C)[C@H](C(=O)O[C@H](C#N)c1cccc(Oc2ccccc2)c1)c1ccc(Cl)cc1,NR-ER,0.0,0.0,1,0.7730779901211514,True,0.0,false_positive,0.7730779901211514,0.7730779901211514
TOX782,O=C(O)c1nn(Cc2ccc(Cl)cc2Cl)c2ccccc12,NR-ER,1.0,1.0,0,0.005480200929542643,True,0.0,false_negative,0.9945197990704574,0.9945197990704574
TOX25625,CCCOc1ccc2[nH]c(NC(=O)OC)nc2c1,NR-ER,0.0,0.0,1,0.6668974394635445,True,0.0,false_positive,0.6668974394635445,0.6668974394635445
TOX6496,CC(=O)OC(C)(C)C1CC=C(C)CC1,NR-ER,1.0,1.0,0,0.03236303912152399,True,0.0,false_negative,0.9676369608784761,0.9676369608784761
TOX28869,C=CC(=O)Nc1cc2c(Nc3ccc(F)c(Cl)c3)ncnc2cc1OCCCN1CCOCC1,NR-ER,1.0,1.0,0,0.05554412398933697,True,0.0,false_negative,0.944455876010663,0.944455876010663
TOX24620,COC(=O)c1ccc(C(=O)OC)c(C(=O)OC)c1,NR-ER,0.0,0.0,1,0.7036892675101403,True,0.0,false_positive,0.7036892675101403,0.7036892675101403
TOX1087,O=C1Nc2ccc(Cl)cc2C(c2ccccc2)=NC1O,NR-ER,1.0,1.0,0,0.02394807371688638,True,0.0,false_negative,0.9760519262831137,0.9760519262831137
TOX9320,CCCCC(CC)COC(=O)c1ccc(N(C)C)cc1,NR-ER,0.0,0.0,1,0.9608849618696453,True,0.0,false_positive,0.9608849618696453,0.9608849618696453
TOX27399,CC1C(C)(C)C2=C(C(=O)CCC2)C1(C)C,NR-ER,0.0,0.0,1,0.8814651452454478,True,0.0,false_positive,0.8814651452454478,0.8814651452454478
TOX2915,NC[C@@H]1CC[C@@H](N)[C@@H](O[C@@H]2[C@@H](N)C[C@@H](N)[C@H](O[C@H]3O[C@H](CO)[C@@H](O)[C@H](N)[C@H]3O)[C@H]2O)O1,NR-ER,1.0,1.0,0,0.01594395483044819,True,0.0,false_negative,0.9840560451695518,0.9840560451695518
TOX9133,CC(=O)c1ccc(O)cc1,NR-ER,0.0,0.0,1,0.9038277062476076,True,0.0,false_positive,0.9038277062476076,0.9038277062476076
TOX12613,COP(=S)(OC)Oc1ccc([N+](=O)[O-])c(C)c1,NR-ER,0.0,0.0,1,0.8597886029191457,True,0.0,false_positive,0.8597886029191457,0.8597886029191457
TOX28600,N=C(N)c1ccc(OCCCOc2ccc(C(=N)N)cc2)cc1,NR-ER,0.0,0.0,1,0.7942632473450787,True,0.0,false_positive,0.7942632473450787,0.7942632473450787
TOX24624,C=CC(=O)OCCCCCCCC,NR-ER,0.0,0.0,1,0.6264555951586427,True,0.0,false_positive,0.6264555951586427,0.6264555951586427
TOX2934,C[C@H]1O[C@@H](O[C@H]2[C@@H](O)C[C@H](O[C@H]3[C@@H](O)C[C@H](O[C@H]4CC[C@]5(C)[C@H]6C[C@@H](O)[C@]7(C)[C@@H](C8=CC(=O)OC8)CC[C@]7(O)[C@@H]6CC[C@@H]5C4)O[C@@H]3C)O[C@@H]2C)C[C@H](O)[C@@H]1O,NR-ER,1.0,1.0,0,0.24278366498205198,True,0.0,false_negative,0.757216335017948,0.757216335017948
TOX5436,Oc1cccc2cccnc12.Oc1cccc2cccnc12,NR-ER,0.0,0.0,1,0.7070027567525957,True,0.0,false_positive,0.7070027567525957,0.7070027567525957
TOX20707,CCCCCc1ccc(N)cc1,NR-ER,0.0,0.0,1,0.7082581152833146,True,0.0,false_positive,0.7082581152833146,0.7082581152833146
TOX25938,CC[C@H]1OC(=O)C[C@@H](O)[C@H](C)[C@@H](O[C@@H]2O[C@H](C)[C@@H](O[C@H]3C[C@@](C)(O)[C@@H](O)[C@H](C)O3)[C@H](N(C)C)[C@H]2O)[C@@H](CC=O)C[C@@H](C)C(=O)C=CC(C)=C[C@@H]1CO[C@@H]1O[C@H](C)[C@@H](O)[C@@H](OC)[C@H]1OC,NR-ER,0.0,0.0,1,0.9462999006050442,True,0.0,false_positive,0.9462999006050442,0.9462999006050442
TOX26467,C[C@H]1CNc2c(cccc2S(=O)(=O)N[C@@H](CCCNC(=N)N)C(=O)N2CC[C@@H](C)C[C@@H]2C(=O)O)C1,NR-ER,0.0,0.0,1,0.8187773343221597,True,0.0,false_positive,0.8187773343221597,0.8187773343221597
TOX3937,CC(C)(C)Cl,NR-ER,1.0,1.0,0,0.17975857367040093,True,0.0,false_negative,0.8202414263295991,0.8202414263295991
TOX399,Nc1ccc(/N=N/c2ccc(N)cc2)cc1,NR-ER,0.0,0.0,1,0.8627282174638974,True,0.0,false_positive,0.8627282174638974,0.8627282174638974
TOX24834,CP(=O)([O-])OCCC[Si](O)(O)O,NR-ER,0.0,0.0,1,0.7766524879759138,True,0.0,false_positive,0.7766524879759138,0.7766524879759138
TOX13047,CSc1ccc(C=O)cc1,NR-ER,0.0,0.0,1,0.6170358521617425,True,0.0,false_positive,0.6170358521617425,0.6170358521617425
TOX26274,CC(O)C(=O)O.CCOc1ccc2nc3cc(N)ccc3c(N)c2c1,NR-ER,0.0,0.0,1,0.8825243147122662,True,0.0,false_positive,0.8825243147122662,0.8825243147122662
TOX25961,CC(N)Cc1ccc(O)cc1,NR-ER,0.0,0.0,1,0.8495151476671146,True,0.0,false_positive,0.8495151476671146,0.8495151476671146
TOX21141,CO[C@H]1[C@H]([C@]2(C)O[C@@H]2CC=C(C)C)[C@]2(CC[C@H]1OC(=O)NC(=O)CCl)CO2,NR-ER,0.0,0.0,1,0.9264183586231644,True,0.0,false_positive,0.9264183586231644,0.9264183586231644
TOX15206,C=CCSSCC=C,NR-ER,0.0,0.0,1,0.7882105953014245,True,0.0,false_positive,0.7882105953014245,0.7882105953014245
TOX24445,BrCc1ccc(Br)cc1,NR-ER,0.0,0.0,1,0.6632357325798643,True,0.0,false_positive,0.6632357325798643,0.6632357325798643
TOX1610,O=C(O)c1cccc(O)c1,NR-ER,0.0,0.0,1,0.6054720582636497,True,0.0,false_positive,0.6054720582636497,0.6054720582636497
TOX1554,CCCCCCCCCC(=O)O,NR-ER,0.0,0.0,1,0.6123018506584645,True,0.0,false_positive,0.6123018506584645,0.6123018506584645
TOX3721,CO[C@H]1C[C@H](O[C@@H]2[C@@H](C)C(=O)O[C@H](C)[C@H](C)[C@H](OC(C)=O)[C@@H](C)C(=O)[C@@]3(CO3)C[C@H](C)[C@H](O[C@@H]3O[C@H](C)C[C@H](N(C)C)[C@H]3OC(C)=O)[C@H]2C)O[C@@H](C)[C@@H]1OC(C)=O,NR-ER,0.0,0.0,1,0.9289961690351959,True,0.0,false_positive,0.9289961690351959,0.9289961690351959
TOX296,Nc1ccc(Cl)cc1,NR-ER,0.0,0.0,1,0.651123563458761,True,0.0,false_positive,0.651123563458761,0.651123563458761
TOX1411,O=P(OCCCl)(OCCCl)OCCCl,NR-ER,0.0,0.0,1,0.8937082879280782,True,0.0,false_positive,0.8937082879280782,0.8937082879280782
TOX28969,CC(=O)O[C@H]1CC[C@@]2(C)C(=CC[C@H]3[C@@H]4CC=C(c5cccnc5)[C@@]4(C)CC[C@@H]32)C1,NR-ER,1.0,1.0,0,0.14214673150328866,True,0.0,false_negative,0.8578532684967113,0.8578532684967113
TOX7345,c1ccc(B(c2ccccc2)c2ccccc2)cc1,NR-ER,1.0,1.0,0,0.25628687430167474,True,0.0,false_negative,0.7437131256983253,0.7437131256983253
TOX16438,Cc1cc(-n2nc3ccc(Cl)cc3n2)c(O)c(C(C)(C)C)c1,NR-ER,1.0,1.0,0,0.0052807589628805305,True,0.0,false_negative,0.9947192410371195,0.9947192410371195
TOX5465,CC(C)CCCCCCCOP(=O)(Oc1ccccc1)Oc1ccccc1,NR-ER,0.0,0.0,1,0.620593522166661,True,0.0,false_positive,0.620593522166661,0.620593522166661
TOX779,C[C@H](CCC(=O)O)[C@H]1CC[C@H]2[C@@H]3CC[C@@H]4C[C@H](O)CC[C@]4(C)[C@H]3CC[C@@]21C,NR-ER,0.0,0.0,1,0.8957998724888275,True,0.0,false_positive,0.8957998724888275,0.8957998724888275
TOX4311,O=C([O-])CF,NR-ER,0.0,0.0,1,0.6681740917894153,True,0.0,false_positive,0.6681740917894153,0.6681740917894153
TOX24950,O=C(c1cc(O)c(O)c(O)c1)c1ccc(O)c(O)c1O,NR-ER,0.0,0.0,1,0.8395860869632316,True,0.0,false_positive,0.8395860869632316,0.8395860869632316
TOX4105,c1ccc2c(c1)Cc1ccccc1-2,NR-ER,0.0,0.0,1,0.6425176800326003,True,0.0,false_positive,0.6425176800326003,0.6425176800326003
TOX29078,CCCCCCCCCCCC[N+](C)(C)CCCS(=O)(=O)[O-],NR-ER,0.0,0.0,1,0.5578498881099564,True,0.0,false_positive,0.5578498881099564,0.5578498881099564
TOX27930,CC[S+](C)CC.O=S(=O)([N-]S(=O)(=O)C(F)(F)F)C(F)(F)F,NR-ER,1.0,1.0,0,0.059936852405437335,True,0.0,false_negative,0.9400631475945627,0.9400631475945627
TOX28584,Nc1c(CC(=O)[O-])cccc1C(=O)c1ccccc1,NR-ER,1.0,1.0,0,0.06526369209479148,True,0.0,false_negative,0.9347363079052086,0.9347363079052086
TOX6974,CCC(C)(C)c1ccc(O)c(C(C)(C)CC)c1,NR-ER,0.0,0.0,1,0.9027852624465993,True,0.0,false_positive,0.9027852624465993,0.9027852624465993
TOX25741,COP(=O)(OC)OC(c1ccc(Cl)cc1)P(=O)(OC)OC,NR-ER,0.0,0.0,1,0.5129590490680552,True,0.0,false_positive,0.5129590490680552,0.5129590490680552
TOX28620,Nc1nnnn1-c1ccccc1,NR-ER,0.0,0.0,1,0.9095547281020755,True,0.0,false_positive,0.9095547281020755,0.9095547281020755
TOX7522,CC(C)(C)CC(C)(C)c1ccc(O)c(-n2nc3ccccc3n2)c1,NR-ER,0.0,0.0,1,0.5709965645577002,True,0.0,false_positive,0.5709965645577002,0.5709965645577002
TOX3587,O=C1NC(=O)[C@@]2(CCOc3ccc(F)cc32)N1,NR-ER,0.0,0.0,1,0.7493356849210443,True,0.0,false_positive,0.7493356849210443,0.7493356849210443
TOX24941,Nc1ccccc1S(=O)(=O)c1ccccc1,NR-ER,0.0,0.0,1,0.6796644324148708,True,0.0,false_positive,0.6796644324148708,0.6796644324148708
TOX14776,COP(=S)(OC)Oc1c(Cl)cc(C)cc1Cl,NR-ER,1.0,1.0,0,0.3455762274076335,True,0.0,false_negative,0.6544237725923665,0.6544237725923665
TOX25093,O=C(O)CCc1nc2ccccc2[nH]1,NR-ER,0.0,0.0,1,0.6672615920557246,True,0.0,false_positive,0.6672615920557246,0.6672615920557246
TOX1634,CCC(C)C(C)=O,NR-ER,1.0,1.0,0,0.08028561257985835,True,0.0,false_negative,0.9197143874201417,0.9197143874201417
TOX26663,CCCCN(CCCC)CC(O)c1cc(Cl)cc2c1-c1ccc(Cl)cc1/C2=C/c1ccc(Cl)cc1,NR-ER,1.0,1.0,0,0.0018358356656733989,True,0.0,false_negative,0.9981641643343266,0.9981641643343266
TOX27120,CC(=O)c1c(C)cc(C(C)(C)C)cc1C,NR-ER,0.0,0.0,1,0.6501620502607868,True,0.0,false_positive,0.6501620502607868,0.6501620502607868
TOX2828,Nc1nc(Cl)nc2c1ncn2[C@H]1C[C@H](O)[C@@H](CO)O1,NR-ER,1.0,1.0,0,0.020537821018322366,True,0.0,false_negative,0.9794621789816776,0.9794621789816776
TOX28119,CCCCC(CC)COC(=O)/C=C/c1ccc(OC)cc1,NR-ER,0.0,0.0,1,0.7433756892981713,True,0.0,false_positive,0.7433756892981713,0.7433756892981713
TOX1608,CCCC(=O)CC,NR-ER,1.0,1.0,0,0.022541561944187345,True,0.0,false_negative,0.9774584380558127,0.9774584380558127
TOX1597,CCCCCCC=O,NR-ER,0.0,0.0,1,0.6191249657196359,True,0.0,false_positive,0.6191249657196359,0.6191249657196359
TOX25432,N=C(N)NCC1COC2(CCCCC2)O1.N=C(N)NCC1COC2(CCCCC2)O1,NR-ER,0.0,0.0,1,0.574233845780585,True,0.0,false_positive,0.574233845780585,0.574233845780585
TOX28689,O=C(Nc1ccc(/C=C/c2ccc(NC(=O)c3cc(S(=O)(=O)O)c4cccnc4c3O)cc2S(=O)(=O)O)c(S(=O)(=O)O)c1)c1cc(S(=O)(=O)O)c2cccnc2c1O,NR-ER,0.0,0.0,1,0.7116584366441752,True,0.0,false_positive,0.7116584366441752,0.7116584366441752
TOX4786,O=C(C=Cc1ccc(O)c(O)c1)O[C@@H]1C[C@](O)(C(=O)O)C[C@@H](O)[C@H]1O,NR-ER,0.0,0.0,1,0.9611691699581428,True,0.0,false_positive,0.9611691699581428,0.9611691699581428
TOX21661,N#Cc1ccccc1O,NR-ER,0.0,0.0,1,0.9069964181788758,True,0.0,false_positive,0.9069964181788758,0.9069964181788758
TOX1778,O=C(Oc1ccccc1)c1ccccc1C(=O)Oc1ccccc1,NR-ER,0.0,0.0,1,0.5536643052917146,True,0.0,false_positive,0.5536643052917146,0.5536643052917146
TOX7441,CCCCCCCCOc1ccc(C(=O)c2ccccc2)c(O)c1,NR-ER,0.0,0.0,1,0.9843910541922627,True,0.0,false_positive,0.9843910541922627,0.9843910541922627
TOX3244,CNC[C@H](O)[C@@H](O)[C@H](O)[C@H](O)CO,NR-ER,1.0,1.0,0,0.1253733717402627,True,0.0,false_negative,0.8746266282597372,0.8746266282597372
TOX6049,C(=C\c1ccccc1)\c1ccccc1,NR-ER,0.0,0.0,1,0.9367473708428786,True,0.0,false_positive,0.9367473708428786,0.9367473708428786
TOX23709,CC1=C2C[C@H]3[C@@H](CC=C4C[C@@H](O)CC[C@@]43C)[C@@H]2CC[C@]12O[C@@H]1C[C@H](C)CN[C@H]1[C@H]2C,NR-ER,0.0,0.0,1,0.8864423060659185,True,0.0,false_positive,0.8864423060659185,0.8864423060659185
TOX28850,CC(C)=CCN1CC[C@@]2(C)c3cc(O)ccc3C[C@@H]1[C@@H]2C.O=C(O)CCC(=O)O,NR-ER,0.0,0.0,1,0.8399462626865853,True,0.0,false_positive,0.8399462626865853,0.8399462626865853
TOX4124,COC(=O)c1sccc1S(=O)(=O)NC(=O)Nc1nc(C)nc(OC)n1,NR-ER,0.0,0.0,1,0.7154250832121172,True,0.0,false_positive,0.7154250832121172,0.7154250832121172
TOX9281,CCCCCCCCCCCc1ccccc1,NR-ER,0.0,0.0,1,0.7508575769135529,True,0.0,false_positive,0.7508575769135529,0.7508575769135529
TOX28889,OC[C@H]1O[C@H](O[C@@H]2[C@@H](CO)O[C@H](O[C@@H]3[C@@H](CO)O[C@H](O)[C@H](O)[C@H]3O)[C@H](O)[C@H]2O)[C@H](O)[C@@H](O)[C@@H]1O,NR-ER,1.0,1.0,0,0.3331797383545858,True,0.0,false_negative,0.6668202616454142,0.6668202616454142
TOX4585,c1ccc2c(c1)ccc1ncccc12,NR-ER,0.0,0.0,1,0.9349521617453531,True,0.0,false_positive,0.9349521617453531,0.9349521617453531
TOX6881,CCCCCCCCCCCCCCCCCC(=O)OCCO,NR-ER,1.0,1.0,0,0.20454088515543214,True,0.0,false_negative,0.7954591148445679,0.7954591148445679
TOX9874,CC(C)OC(=O)C(C)(C)Oc1ccc(C(=O)c2ccc(Cl)cc2)cc1,NR-ER,0.0,0.0,1,0.8781583166356369,True,0.0,false_positive,0.8781583166356369,0.8781583166356369
TOX541,O=C1NC(=O)C(c2ccccc2)(c2ccccc2)N1,NR-ER,0.0,0.0,1,0.7470367223708292,True,0.0,false_positive,0.7470367223708292,0.7470367223708292
TOX27242,COc1ccc(N)cc1N,NR-ER,0.0,0.0,1,0.7654611958943641,True,0.0,false_positive,0.7654611958943641,0.7654611958943641
TOX3603,C[N+](C)(C)CCOC(=O)CCC(=O)OCC[N+](C)(C)C,NR-ER,0.0,0.0,1,0.6299424504687431,True,0.0,false_positive,0.6299424504687431,0.6299424504687431
TOX24320,CCNCC,NR-ER,0.0,0.0,1,0.6495462361768245,True,0.0,false_positive,0.6495462361768245,0.6495462361768245
TOX828,COc1ccc(O)cc1,NR-ER,0.0,0.0,1,0.89802582742102,True,0.0,false_positive,0.89802582742102,0.89802582742102
TOX12655,CC1(C)CCC(=Cc2ccc(Cl)cc2)C1(O)Cn1cncn1,NR-ER,0.0,0.0,1,0.609708390448354,True,0.0,false_positive,0.609708390448354,0.609708390448354
TOX4961,CCCCCCCCCCCC(=O)O[Sn](CCCC)(CCCC)OC(=O)CCCCCCCCCCC,NR-ER,0.0,0.0,1,0.8611884506733181,True,0.0,false_positive,0.8611884506733181,0.8611884506733181
TOX1289,C=C(Cl)CSC(=S)N(CC)CC,NR-ER,0.0,0.0,1,0.5484692671135256,True,0.0,false_positive,0.5484692671135256,0.5484692671135256
TOX27092,CC/C=C\CC1=C(C)CCC1=O,NR-ER,0.0,0.0,1,0.5081190615512202,True,0.0,false_positive,0.5081190615512202,0.5081190615512202
TOX3737,COc1ccc(C(CN(C)C)C2(O)CCCCC2)cc1,NR-ER,0.0,0.0,1,0.7464372546532397,True,0.0,false_positive,0.7464372546532397,0.7464372546532397
TOX25762,CCc1cccc(N(C)C(=N)Nc2cccc3ccccc23)c1,NR-ER,0.0,0.0,1,0.8871486790372494,True,0.0,false_positive,0.8871486790372494,0.8871486790372494
TOX25748,CCN(CC)CCNC(=O)c1ccc(NC(C)=O)cc1,NR-ER,0.0,0.0,1,0.5035823221968339,True,0.0,false_positive,0.5035823221968339,0.5035823221968339
TOX25226,O=C([O-])c1cc2cc(Cc3cccnc3)ccc2o1,NR-ER,1.0,1.0,0,0.022526184034397934,True,0.0,false_negative,0.977473815965602,0.977473815965602
TOX24771,CC(CC(C)C)=NO,NR-ER,0.0,0.0,1,0.5650217821873394,True,0.0,false_positive,0.5650217821873394,0.5650217821873394
TOX2883,COc1cccc2c1C(=O)c1c(O)c3c(c(O)c1C2=O)C[C@@](O)(C(C)=O)C[C@@H]3O[C@H]1C[C@H](N)[C@H](O)[C@H](C)O1,NR-ER,1.0,1.0,0,0.00023405708181567386,True,0.0,false_negative,0.9997659429181843,0.9997659429181843
TOX13401,O=C(O[C@@H](C(=O)O)[C@@H](OC(=O)c1ccccc1)C(=O)O)c1ccccc1,NR-ER,0.0,0.0,1,0.560262463820403,True,0.0,false_positive,0.560262463820403,0.560262463820403
TOX1943,CCCCCCCCCC(C)=O,NR-ER,0.0,0.0,1,0.6809988090864544,True,0.0,false_positive,0.6809988090864544,0.6809988090864544
TOX1800,CCN(CC)c1ccccc1,NR-ER,0.0,0.0,1,0.5041699866291611,True,0.0,false_positive,0.5041699866291611,0.5041699866291611
TOX25413,Clc1ccc(C(OCCN2CCCCC2)c2ccccc2)cc1,NR-ER,0.0,0.0,1,0.787655720789746,True,0.0,false_positive,0.787655720789746,0.787655720789746
TOX66,Nc1ncc([N+](=O)[O-])s1,NR-ER,1.0,1.0,0,0.2671179005853852,True,0.0,false_negative,0.7328820994146148,0.7328820994146148
TOX17750,CC/C=C\CCOC(=O)c1ccccc1O,NR-ER,0.0,0.0,1,0.5253583959248705,True,0.0,false_positive,0.5253583959248705,0.5253583959248705
TOX742,NC(=O)CI,NR-ER,0.0,0.0,1,0.5796046649190668,True,0.0,false_positive,0.5796046649190668,0.5796046649190668
TOX4521,CCC(C)(C)OC,NR-ER,1.0,1.0,0,0.06144931519350084,True,0.0,false_negative,0.9385506848064992,0.9385506848064992
TOX21206,c1csc(-c2ccc(-c3cccs3)s2)c1,NR-ER,1.0,1.0,0,0.12858555847843503,True,0.0,false_negative,0.871414441521565,0.871414441521565
TOX21622,CCOC(=O)CCN(SN(C)C(=O)Oc1cccc2c1OC(C)(C)C2)C(C)C,NR-ER,0.0,0.0,1,0.8779814757958381,True,0.0,false_positive,0.8779814757958381,0.8779814757958381
TOX29315,CCCCn1cc[n+](C)c1C.O=S(=O)([O-])C(F)(F)F,NR-ER,0.0,0.0,1,0.5764295822753179,True,0.0,false_positive,0.5764295822753179,0.5764295822753179
TOX25053,C[N+](C)(C)CCCCCC[N+](C)(C)C,NR-ER,0.0,0.0,1,0.5043867868255546,True,0.0,false_positive,0.5043867868255546,0.5043867868255546
TOX27796,O[C@@H](c1cc(C(F)(F)F)nc2c(C(F)(F)F)cccc12)[C@H]1CCCCN1,NR-ER,1.0,1.0,0,0.03513793163368721,True,0.0,false_negative,0.9648620683663128,0.9648620683663128
TOX1483,O=CCc1ccccc1,NR-ER,0.0,0.0,1,0.8901409926901636,True,0.0,false_positive,0.8901409926901636,0.8901409926901636
TOX20608,C[N+]1(C)[C@H]2C[C@H](OC(=O)[C@H](CO)c3ccccc3)C[C@@H]1[C@H]1O[C@@H]21,NR-ER,0.0,0.0,1,0.9030870909492674,True,0.0,false_positive,0.9030870909492674,0.9030870909492674
TOX25128,COc1ccc(C(=O)N2CCCC2=O)cc1,NR-ER,0.0,0.0,1,0.8090707421769326,True,0.0,false_positive,0.8090707421769326,0.8090707421769326
TOX4200,Cc1cccc(O)c1,NR-ER,0.0,0.0,1,0.5376212859760231,True,0.0,false_positive,0.5376212859760231,0.5376212859760231
TOX1995,CCN(CC)C(=O)c1cccc(C)c1,NR-ER,1.0,1.0,0,0.44989394424136947,True,0.0,false_negative,0.5501060557586306,0.5501060557586306
TOX14324,CCOP(=S)(OCC)O/N=C(\C#N)c1ccccc1,NR-ER,1.0,1.0,0,0.022272333422038475,True,0.0,false_negative,0.9777276665779615,0.9777276665779615
TOX22324,CC(=O)CC(c1ccccc1)c1c([O-])c2ccccc2oc1=O,NR-ER,1.0,1.0,0,0.1714888847314753,True,0.0,false_negative,0.8285111152685247,0.8285111152685247
TOX1590,CCCCCCCCCCCC(=O)O,NR-ER,0.0,0.0,1,0.6123018506584645,True,0.0,false_positive,0.6123018506584645,0.6123018506584645
TOX27543,COC(=O)C(C)N(C(=O)c1ccco1)c1c(C)cccc1C,NR-ER,0.0,0.0,1,0.6852871162849373,True,0.0,false_positive,0.6852871162849373,0.6852871162849373
TOX577,CCc1cc(C(N)=S)ccn1,NR-ER,1.0,1.0,0,0.023796178410435565,True,0.0,false_negative,0.9762038215895644,0.9762038215895644
TOX5593,CNC(=O)N(c1ccccc1)c1ccccc1,NR-ER,0.0,0.0,1,0.5347570931976682,True,0.0,false_positive,0.5347570931976682,0.5347570931976682
TOX26305,COc1cc2c(cc1OC)C(C(C(=O)N(CCc1ccc(OC)c(OC)c1OC)CCc1ccc(OC)c(OC)c1OC)c1ccccc1)=NCC2,NR-ER,0.0,0.0,1,0.8429050385518277,True,0.0,false_positive,0.8429050385518277,0.8429050385518277
TOX21654,CCCCC(CC)COC(=O)c1ccccc1,NR-ER,0.0,0.0,1,0.8872486418035315,True,0.0,false_positive,0.8872486418035315,0.8872486418035315
TOX3973,CSc1ccc(Cl)cc1,NR-ER,0.0,0.0,1,0.6326336347358369,True,0.0,false_positive,0.6326336347358369,0.6326336347358369
TOX24945,OCCSCSCCO,NR-ER,0.0,0.0,1,0.6037843751923005,True,0.0,false_positive,0.6037843751923005,0.6037843751923005
TOX4346,Brc1ccc(Br)c(Br)c1,NR-ER,0.0,0.0,1,0.871168302076313,True,0.0,false_positive,0.871168302076313,0.871168302076313
TOX26670,CC(=O)OCC(=O)NCCCOc1cccc(CN2CCCCC2)c1,NR-ER,1.0,1.0,0,0.019244012873730842,True,0.0,false_negative,0.9807559871262692,0.9807559871262692
TOX24522,CCN(CC)C(=O)N(CC)CC,NR-ER,0.0,0.0,1,0.680249802999983,True,0.0,false_positive,0.680249802999983,0.680249802999983
TOX24817,CC1C2CC(CC2C2CCCC(O)C2)C1(C)C,NR-ER,1.0,1.0,0,0.015897211105685774,True,0.0,false_negative,0.9841027888943142,0.9841027888943142
TOX20698,CC(C)COP(=O)(OCC(C)C)OCC(C)C,NR-ER,0.0,0.0,1,0.9198318254524205,True,0.0,false_positive,0.9198318254524205,0.9198318254524205
TOX25287,Nc1ccc(S(=O)(=O)NC(=O)c2ccccc2)cc1,NR-ER,0.0,0.0,1,0.9339206889380433,True,0.0,false_positive,0.9339206889380433,0.9339206889380433
TOX27425,CCCCc1ccc(O)cc1,NR-ER,0.0,0.0,1,0.6680995155609946,True,0.0,false_positive,0.6680995155609946,0.6680995155609946
TOX5527,CC(=O)O[C@]1(C(C)=O)CC[C@H]2[C@@H]3C[C@H](C)C4=CC(=O)CC[C@]4(C)[C@H]3CC[C@@]21C,NR-ER,0.0,0.0,1,0.5403890811087517,True,0.0,false_positive,0.5403890811087517,0.5403890811087517
TOX26658,CC[C@@]1(O)C[C@H](O[C@H]2C[C@H](N(C)C)[C@H](O[C@H]3C[C@H](O)[C@H](O[C@H]4CCC(=O)[C@H](C)O4)[C@H](C)O3)[C@H](C)O2)c2c(cc3c(c2O)C(=O)c2c(O)cccc2C3=O)[C@H]1C(=O)OC,NR-ER,1.0,1.0,0,0.013858101850805637,True,0.0,false_negative,0.9861418981491944,0.9861418981491944
TOX25469,CC(C(=O)O)c1ccc(C(=O)c2cccs2)cc1,NR-ER,0.0,0.0,1,0.7410734194603317,True,0.0,false_positive,0.7410734194603317,0.7410734194603317
TOX26230,Cc1ccccc1OCC(O)CNCCOc1ccc(C(N)=O)cc1,NR-ER,0.0,0.0,1,0.555084273662953,True,0.0,false_positive,0.555084273662953,0.555084273662953
TOX27465,CC(C)c1ccc2ncccc2c1,NR-ER,0.0,0.0,1,0.5196952099913356,True,0.0,false_positive,0.5196952099913356,0.5196952099913356
TOX27166,COc1ccc(CCC(C)=O)cc1,NR-ER,0.0,0.0,1,0.7971139713706332,True,0.0,false_positive,0.7971139713706332,0.7971139713706332
TOX2886,C[N+](C)(C)CCCCCCCCCC[N+](C)(C)C,NR-ER,0.0,0.0,1,0.5043867868255546,True,0.0,false_positive,0.5043867868255546,0.5043867868255546
TOX9331,CCCCCC1=CCCC1=O,NR-ER,0.0,0.0,1,0.5319128157609506,True,0.0,false_positive,0.5319128157609506,0.5319128157609506
TOX26347,CC(C)C[C@@H](N)C(=O)O,NR-ER,0.0,0.0,1,0.7511769312827824,True,0.0,false_positive,0.7511769312827824,0.7511769312827824
TOX28677,COc1cc2[nH]c(C)c(CCN3CCN(c4ccccc4)CC3)c2cc1OC,NR-ER,0.0,0.0,1,0.9569331204203341,True,0.0,false_positive,0.9569331204203341,0.9569331204203341
TOX2571,C=CCN(C1=NCCN1)c1c(Cl)cccc1Cl,NR-ER,1.0,1.0,0,0.25598758855121284,True,0.0,false_negative,0.7440124114487872,0.7440124114487872
TOX22,O=C(O)c1cc(Oc2ccc(C(F)(F)F)cc2Cl)ccc1[N+](=O)[O-],NR-ER,0.0,0.0,1,0.9372437857533117,True,0.0,false_positive,0.9372437857533117,0.9372437857533117
TOX28621,c1ccc(CCNc2nc(-c3ccccc3)cs2)cc1,NR-ER,1.0,1.0,0,0.1011957016308852,True,0.0,false_negative,0.8988042983691148,0.8988042983691148
TOX358,OC[C@H]1O[C@@H]2O[C@@H]3[C@@H](CO)O[C@H](O[C@@H]4[C@@H](CO)O[C@H](O[C@@H]5[C@@H](CO)O[C@H](O[C@@H]6[C@@H](CO)O[C@H](O[C@@H]7[C@@H](CO)O[C@H](O[C@@H]8[C@@H](CO)O[C@H](O[C@H]1[C@H](O)[C@H]2O)[C@H](O)[C@H]8O)[C@H](O)[C@H]7O)[C@H](O)[C@H]6O)[C@H](O)[C@H]5O)[C@H](O)[C@H]4O)[C@H](O)[C@H]3O,NR-ER,0.0,0.0,1,0.6913885350069244,True,0.0,false_positive,0.6913885350069244,0.6913885350069244
TOX27243,CC1(C)[C@@H](O[C@H]2O[C@H](C(=O)O)[C@@H](O)[C@H](O)[C@H]2O[C@@H]2O[C@H](C(=O)[O-])[C@@H](O)[C@H](O)[C@H]2O)CC[C@@]2(C)[C@H]1CC[C@]1(C)[C@@H]2C(=O)C=C2[C@@H]3C[C@@](C)(C(=O)O)CC[C@]3(C)CC[C@]21C,NR-ER,0.0,0.0,1,0.8548919232928411,True,0.0,false_positive,0.8548919232928411,0.8548919232928411
TOX27180,CC(C)CCCCCCCOC(=O)c1ccc(C(=O)OCCCCCCCC(C)C)c(C(=O)OCCCCCCCC(C)C)c1,NR-ER,0.0,0.0,1,0.9292985315722426,True,0.0,false_positive,0.9292985315722426,0.9292985315722426
TOX6259,CC(CCl)OP(=O)(OC(C)CCl)OC(C)CCl,NR-ER,0.0,0.0,1,0.7229000862370095,True,0.0,false_positive,0.7229000862370095,0.7229000862370095
TOX4291,CCOP(=S)(OCC)Oc1cnc2ccccc2n1,NR-ER,1.0,1.0,0,0.2685643277724592,True,0.0,false_negative,0.7314356722275408,0.7314356722275408
TOX1145,c1ccc(OCC2CO2)cc1,NR-ER,0.0,0.0,1,0.6860383818997258,True,0.0,false_positive,0.6860383818997258,0.6860383818997258
TOX7565,CC(=O)O[Si](C)(OC(C)=O)OC(C)=O,NR-ER,0.0,0.0,1,0.6550587814622053,True,0.0,false_positive,0.6550587814622053,0.6550587814622053
TOX25771,CCOC(=O)Nc1ccc(NCc2ccc(F)cc2)nc1N,NR-ER,1.0,1.0,0,0.11866318614301574,True,0.0,false_negative,0.8813368138569843,0.8813368138569843
TOX7625,CCCCC(CC)COC(=O)c1ccc(C(=O)OCC(CC)CCCC)cc1,NR-ER,0.0,0.0,1,0.7024949113655263,True,0.0,false_positive,0.7024949113655263,0.7024949113655263
TOX25862,CCN(CC)CCNC(=O)COc1ccc(OC)cc1,NR-ER,1.0,1.0,0,0.051598125816848445,True,0.0,false_negative,0.9484018741831516,0.9484018741831516
TOX24447,COc1cccc(C=O)c1,NR-ER,0.0,0.0,1,0.6635009587542923,True,0.0,false_positive,0.6635009587542923,0.6635009587542923
TOX26834,CCCCCCCCCCCCCC[n+]1ccc(C)cc1,NR-ER-LBD,0.0,0.0,1,0.7528864724091641,True,0.0,false_positive,0.7528864724091641,0.7528864724091641
TOX24357,COc1ccc(CO)cc1,NR-ER-LBD,0.0,0.0,1,0.6608336204585246,True,0.0,false_positive,0.6608336204585246,0.6608336204585246
TOX26137,Cc1c(C)n(Cc2ccccc2)c2ccc(C(=O)OCCN(C)C)cc12,NR-ER-LBD,0.0,0.0,1,0.7769230480917915,True,0.0,false_positive,0.7769230480917915,0.7769230480917915
TOX943,COc1ccc([N+](=O)[O-])cc1N,NR-ER-LBD,0.0,0.0,1,0.907556151275576,True,0.0,false_positive,0.907556151275576,0.907556151275576
TOX26078,CC(=O)Oc1c(C)cc(OCC(O)CNC(C)C)c(C)c1C,NR-ER-LBD,1.0,1.0,0,0.00040284589258420494,True,0.0,false_negative,0.9995971541074158,0.9995971541074158
TOX4783,C=CC(=O)OCCCl,NR-ER-LBD,0.0,0.0,1,0.7214544905265459,True,0.0,false_positive,0.7214544905265459,0.7214544905265459
TOX15001,C=CCCCCCCCCC(=O)O,NR-ER-LBD,0.0,0.0,1,0.6757891610185325,True,0.0,false_positive,0.6757891610185325,0.6757891610185325
TOX29281,CCCC[n+]1cccc(C)c1.F[B-](F)(F)F,NR-ER-LBD,0.0,0.0,1,0.5711627337401122,True,0.0,false_positive,0.5711627337401122,0.5711627337401122
TOX1600,CCCCCCC(=O)O,NR-ER-LBD,0.0,0.0,1,0.6894061165112082,True,0.0,false_positive,0.6894061165112082,0.6894061165112082
TOX5012,C=C(Cl)CCl,NR-ER-LBD,0.0,0.0,1,0.6245756624292642,True,0.0,false_positive,0.6245756624292642,0.6245756624292642
TOX26614,FCOC(C(F)(F)F)C(F)(F)F,NR-ER-LBD,0.0,0.0,1,0.7773306105976278,True,0.0,false_positive,0.7773306105976278,0.7773306105976278
TOX29131,CCCC[n+]1ccc(C)cc1.F[B-](F)(F)F,NR-ER-LBD,0.0,0.0,1,0.7985780752717858,True,0.0,false_positive,0.7985780752717858,0.7985780752717858
TOX5005,Oc1ccc(Cl)c(Cl)c1,NR-ER-LBD,1.0,1.0,0,0.4367636205133596,True,0.0,false_negative,0.5632363794866404,0.5632363794866404
TOX18939,NS(=O)(=O)C(F)(F)C(F)(F)C(F)(F)C(F)(F)C(F)(F)C(F)(F)C(F)(F)C(F)(F)F,NR-ER-LBD,1.0,1.0,0,0.010967727517999017,True,0.0,false_negative,0.989032272482001,0.989032272482001
TOX401,Nc1ccc(O)c(N)c1,NR-ER-LBD,0.0,0.0,1,0.7519764354360536,True,0.0,false_positive,0.7519764354360536,0.7519764354360536
TOX205,CCCCOC(=O)c1ccccc1C(=O)OCc1ccccc1,NR-ER-LBD,1.0,1.0,0,0.08677680170161327,True,0.0,false_negative,0.9132231982983867,0.9132231982983867
TOX22477,Cc1cccc(N(C)C(=S)Oc2ccc3ccccc3c2)c1,NR-ER-LBD,0.0,0.0,1,0.8442240821682898,True,0.0,false_positive,0.8442240821682898,0.8442240821682898
TOX1605,O=C(O)CCCCC(=O)O,NR-ER-LBD,0.0,0.0,1,0.5473846794299557,True,0.0,false_positive,0.5473846794299557,0.5473846794299557
TOX830,COc1c2occc2cc2ccc(=O)oc12,NR-ER-LBD,1.0,1.0,0,0.019193450005397135,True,0.0,false_negative,0.9808065499946028,0.9808065499946028
TOX589,CCc1ccc(C(c2ccc(CC)cc2)C(Cl)Cl)cc1,NR-ER-LBD,0.0,0.0,1,0.5747412058716743,True,0.0,false_positive,0.5747412058716743,0.5747412058716743
TOX27074,CC(C)COC(=O)c1ccccc1,NR-ER-LBD,0.0,0.0,1,0.8330236477798315,True,0.0,false_positive,0.8330236477798315,0.8330236477798315
TOX3545,Cc1cc(/C=C/c2ccc3cc(N(C)C)ccc3[n+]2C)c(C)n1-c1ccccc1.Cc1cc(/C=C/c2ccc3cc(N(C)C)ccc3[n+]2C)c(C)n1-c1ccccc1.O=C([O-])c1cc2ccccc2c(Cc2c(O)c(C(=O)[O-])cc3ccccc23)c1O,NR-ER-LBD,0.0,0.0,1,0.9087278234014298,True,0.0,false_positive,0.9087278234014298,0.9087278234014298
TOX24995,CCn1c2ccccc2c2cc([N+](=O)[O-])ccc21,NR-ER-LBD,0.0,0.0,1,0.9104749579137652,True,0.0,false_positive,0.9104749579137652,0.9104749579137652
TOX29332,CC(C)(C)OC(=O)c1cccc(N)c1,NR-ER-LBD,1.0,1.0,0,0.20426366007387792,True,0.0,false_negative,0.7957363399261221,0.7957363399261221
TOX26024,COC(=O)[C@H](c1ccccc1Cl)N1CCc2sccc2C1,NR-ER-LBD,1.0,1.0,0,0.026696683673168315,True,0.0,false_negative,0.9733033163268316,0.9733033163268316
TOX28546,CC(=O)CCC=C(C)CC/C=C(\C)CC/C=C(\C)CCC=C(C)C,NR-ER-LBD,0.0,0.0,1,0.522848161608576,True,0.0,false_positive,0.522848161608576,0.522848161608576
TOX1607,CCCCCC(=O)O,NR-ER-LBD,0.0,0.0,1,0.6030822110397637,True,0.0,false_positive,0.6030822110397637,0.6030822110397637
TOX14338,COc1ccc(C(O)(c2cncnc2)C2CC2)cc1,NR-ER-LBD,0.0,0.0,1,0.6463051403188352,True,0.0,false_positive,0.6463051403188352,0.6463051403188352
TOX26903,N=C(N)NN=C(C=Cc1ccc([N+](=O)[O-])o1)C=Cc1ccc([N+](=O)[O-])o1,NR-ER-LBD,1.0,1.0,0,0.1596517142041873,True,0.0,false_negative,0.8403482857958127,0.8403482857958127
TOX3495,C[n+]1ccccc1/C=N/O,NR-ER-LBD,0.0,0.0,1,0.5488805859461946,True,0.0,false_positive,0.5488805859461946,0.5488805859461946
TOX26631,CCOC(CN1CCN(CC(C)C(=O)c2ccccc2)CC1)c1ccccc1,NR-ER-LBD,0.0,0.0,1,0.5614487580981338,True,0.0,false_positive,0.5614487580981338,0.5614487580981338
TOX20715,C=CC(=O)OCCOc1ccccc1,NR-ER-LBD,0.0,0.0,1,0.8524625221458035,True,0.0,false_positive,0.8524625221458035,0.8524625221458035
TOX22570,Fc1ccc(C(OCCN2CCN(CCCc3ccccc3)CC2)c2ccc(F)cc2)cc1,NR-ER-LBD,0.0,0.0,1,0.9126911392875205,True,0.0,false_positive,0.9126911392875205,0.9126911392875205
TOX27859,CCCCCCCCCCCCOC(=O)c1ccc(O)cc1,NR-ER-LBD,0.0,0.0,1,0.9535391171343376,True,0.0,false_positive,0.9535391171343376,0.9535391171343376
TOX3231,CCN(CC)C(=O)[C@@H]1C=C2c3cccc4[nH]cc(c34)C[C@H]2N(C)C1,NR-ER-LBD,1.0,1.0,0,5.529217306547936e-05,True,0.0,false_negative,0.9999447078269346,0.9999447078269346
TOX20712,CC[Sn](Br)(CC)CC,NR-ER-LBD,1.0,1.0,0,0.2830265261631787,True,0.0,false_negative,0.7169734738368213,0.7169734738368213
TOX6647,O=C(O)c1ccc(O)cc1,NR-ER-LBD,0.0,0.0,1,0.8449061376159865,True,0.0,false_positive,0.8449061376159865,0.8449061376159865
TOX9652,C=CC(=O)OC(C)(C)C,NR-ER-LBD,0.0,0.0,1,0.8951716462826347,True,0.0,false_positive,0.8951716462826347,0.8951716462826347
TOX1361,Cc1ccc(N=C=O)cc1N=C=O,NR-ER-LBD,1.0,1.0,0,0.03445898629917356,True,0.0,false_negative,0.9655410137008265,0.9655410137008265
TOX1214,O=C1c2ccccc2C(=O)c2c(O)c(O)cc(O)c21,NR-ER-LBD,0.0,0.0,1,0.7999298279860686,True,0.0,false_positive,0.7999298279860686,0.7999298279860686
TOX7050,CN(C)C(=S)[S-],NR-ER-LBD,0.0,0.0,1,0.7644524267341365,True,0.0,false_positive,0.7644524267341365,0.7644524267341365
TOX25254,C[C@]12CC[C@H]3[C@@H](CCC4=CC(=O)CC[C@@]43C)[C@@H]1CC[C@@H]2C(=O)CO,NR-ER-LBD,0.0,0.0,1,0.5497117436649109,True,0.0,false_positive,0.5497117436649109,0.5497117436649109
TOX1869,Cc1ccc(O)cc1,NR-ER-LBD,0.0,0.0,1,0.74408709185603,True,0.0,false_positive,0.74408709185603,0.74408709185603
TOX21252,Nc1ccc(N)c2c1C(=O)c1ccccc1C2=O,NR-ER-LBD,0.0,0.0,1,0.7959748310298747,True,0.0,false_positive,0.7959748310298747,0.7959748310298747
TOX782,O=C(O)c1nn(Cc2ccc(Cl)cc2Cl)c2ccccc12,NR-ER-LBD,1.0,1.0,0,0.0009070720377089147,True,0.0,false_negative,0.9990929279622911,0.9990929279622911
TOX28869,C=CC(=O)Nc1cc2c(Nc3ccc(F)c(Cl)c3)ncnc2cc1OCCCN1CCOCC1,NR-ER-LBD,1.0,1.0,0,0.004021307422875732,True,0.0,false_negative,0.9959786925771242,0.9959786925771242
TOX5013,Clc1nc2ccccc2nc1Cl,NR-ER-LBD,0.0,0.0,1,0.6902355736874523,True,0.0,false_positive,0.6902355736874523,0.6902355736874523
TOX7997,C=CCN(CC=C)C(=O)C(Cl)Cl,NR-ER-LBD,0.0,0.0,1,0.6153683991060366,True,0.0,false_positive,0.6153683991060366,0.6153683991060366
TOX9133,CC(=O)c1ccc(O)cc1,NR-ER-LBD,0.0,0.0,1,0.6272858570780091,True,0.0,false_positive,0.6272858570780091,0.6272858570780091
TOX24485,CCOC(=O)C=CC(=O)O,NR-ER-LBD,0.0,0.0,1,0.7828458862134632,True,0.0,false_positive,0.7828458862134632,0.7828458862134632
TOX26662,COc1cccc(CCc2ccccc2OCC(CN(C)C)OC(=O)CCC(=O)O)c1,NR-ER-LBD,0.0,0.0,1,0.7185602315214873,True,0.0,false_positive,0.7185602315214873,0.7185602315214873
TOX4930,Cc1ccc(N)c(N)c1,NR-ER-LBD,1.0,1.0,0,0.30174450749501297,True,0.0,false_negative,0.6982554925049871,0.6982554925049871
TOX26281,Cc1c(Cn2ccnc2)c2ccccc2n1CCC(=O)O,NR-ER-LBD,0.0,0.0,1,0.5687750250709057,True,0.0,false_positive,0.5687750250709057,0.5687750250709057
TOX27027,CC(C)CC(C)CC(C)CC(C)COC(=O)c1ccccc1C(=O)OCC(C)CC(C)CC(C)CC(C)C,NR-ER-LBD,0.0,0.0,1,0.5518430822937033,True,0.0,false_positive,0.5518430822937033,0.5518430822937033
TOX4559,Nc1ccc(/N=N\c2ccccc2)c(N)c1,NR-ER-LBD,0.0,0.0,1,0.9025816722323254,True,0.0,false_positive,0.9025816722323254,0.9025816722323254
TOX15206,C=CCSSCC=C,NR-ER-LBD,0.0,0.0,1,0.7458843504386787,True,0.0,false_positive,0.7458843504386787,0.7458843504386787
TOX26069,O=C(Oc1cccc2cccnc12)c1ccccc1,NR-ER-LBD,0.0,0.0,1,0.6050911041877428,True,0.0,false_positive,0.6050911041877428,0.6050911041877428
TOX1554,CCCCCCCCCC(=O)O,NR-ER-LBD,0.0,0.0,1,0.6894061165112082,True,0.0,false_positive,0.6894061165112082,0.6894061165112082
TOX28969,CC(=O)O[C@H]1CC[C@@]2(C)C(=CC[C@H]3[C@@H]4CC=C(c5cccnc5)[C@@]4(C)CC[C@@H]32)C1,NR-ER-LBD,1.0,1.0,0,0.39822919188731215,True,0.0,false_negative,0.6017708081126878,0.6017708081126878
TOX7345,c1ccc(B(c2ccccc2)c2ccccc2)cc1,NR-ER-LBD,1.0,1.0,0,0.013934774759654307,True,0.0,false_negative,0.9860652252403457,0.9860652252403457
TOX4311,O=C([O-])CF,NR-ER-LBD,0.0,0.0,1,0.5631209374207551,True,0.0,false_positive,0.5631209374207551,0.5631209374207551
TOX24950,O=C(c1cc(O)c(O)c(O)c1)c1ccc(O)c(O)c1O,NR-ER-LBD,0.0,0.0,1,0.9961241401287031,True,0.0,false_positive,0.9961241401287031,0.9961241401287031
TOX25741,COP(=O)(OC)OC(c1ccc(Cl)cc1)P(=O)(OC)OC,NR-ER-LBD,0.0,0.0,1,0.8838579219370127,True,0.0,false_positive,0.8838579219370127,0.8838579219370127
TOX699,CCCCCCc1ccc(O)cc1O,NR-ER-LBD,0.0,0.0,1,0.9900213889436272,True,0.0,false_positive,0.9900213889436272,0.9900213889436272
TOX9327,C=CCOc1c(Br)cc(C(C)(C)c2cc(Br)c(OCC=C)c(Br)c2)cc1Br,NR-ER-LBD,0.0,0.0,1,0.6009071363567086,True,0.0,false_positive,0.6009071363567086,0.6009071363567086
TOX25591,CCOC(=O)c1ccc(OC(=O)CCCCCNC(=N)N)cc1,NR-ER-LBD,0.0,0.0,1,0.9825007729908021,True,0.0,false_positive,0.9825007729908021,0.9825007729908021
TOX28170,CCCCCCOc1ccc(O)cc1,NR-ER-LBD,0.0,0.0,1,0.8542511876227491,True,0.0,false_positive,0.8542511876227491,0.8542511876227491
TOX62,Nc1cc([N+](=O)[O-])ccc1O,NR-ER-LBD,0.0,0.0,1,0.7714459124938196,True,0.0,false_positive,0.7714459124938196,0.7714459124938196
TOX3159,CCC(Cc1c(I)cc(I)c(N)c1I)C(=O)O,NR-ER-LBD,1.0,1.0,0,0.018479504193361727,True,0.0,false_negative,0.9815204958066382,0.9815204958066382
TOX27818,CCN(C)C(=O)Oc1cccc([C@H](C)N(C)C)c1,NR-ER-LBD,0.0,0.0,1,0.8127235546283044,True,0.0,false_positive,0.8127235546283044,0.8127235546283044
TOX3629,CCOC(=O)Oc1c(OC)cc(C(=O)O[C@@H]2C[C@@H]3CN4CCc5c([nH]c6cc(OC)ccc56)[C@H]4C[C@@H]3[C@H](C(=O)OC)[C@H]2OC)cc1OC,NR-ER-LBD,0.0,0.0,1,0.9857840624162256,True,0.0,false_positive,0.9857840624162256,0.9857840624162256
TOX23709,CC1=C2C[C@H]3[C@@H](CC=C4C[C@@H](O)CC[C@@]43C)[C@@H]2CC[C@]12O[C@@H]1C[C@H](C)CN[C@H]1[C@H]2C,NR-ER-LBD,0.0,0.0,1,0.8676843064012184,True,0.0,false_positive,0.8676843064012184,0.8676843064012184
TOX25965,C=C[C@H]1CN2CC[C@H]1C[C@H]2[C@H](OC(=O)OCC)c1ccnc2ccc(OC)cc12,NR-ER-LBD,0.0,0.0,1,0.9550367541529357,True,0.0,false_positive,0.9550367541529357,0.9550367541529357
TOX541,O=C1NC(=O)C(c2ccccc2)(c2ccccc2)N1,NR-ER-LBD,0.0,0.0,1,0.5968028816981727,True,0.0,false_positive,0.5968028816981727,0.5968028816981727
TOX28160,O=C(O)Cc1cc(I)c(Oc2cc(I)c(O)c(I)c2)c(I)c1,NR-ER-LBD,0.0,0.0,1,0.6397775815413967,True,0.0,false_positive,0.6397775815413967,0.6397775815413967
TOX12344,CCOP(=S)(OCC)OC(Cl)C(Cl)(Cl)Cl,NR-ER-LBD,0.0,0.0,1,0.5362271186668917,True,0.0,false_positive,0.5362271186668917,0.5362271186668917
TOX21367,N#CSc1ccc([N+](=O)[O-])cc1[N+](=O)[O-],NR-ER-LBD,1.0,1.0,0,0.01669251749186274,True,0.0,false_negative,0.9833074825081373,0.9833074825081373
TOX5006,Oc1cc(Cl)cc(Cl)c1,NR-ER-LBD,0.0,0.0,1,0.5272438111125027,True,0.0,false_positive,0.5272438111125027,0.5272438111125027
TOX828,COc1ccc(O)cc1,NR-ER-LBD,0.0,0.0,1,0.8620606537496984,True,0.0,false_positive,0.8620606537496984,0.8620606537496984
TOX28683,O=C(Cn1c(=O)sc2ccc(Cl)cc21)N1CCN(CCO)CC1,NR-ER-LBD,0.0,0.0,1,0.7543925584777865,True,0.0,false_positive,0.7543925584777865,0.7543925584777865
TOX25413,Clc1ccc(C(OCCN2CCCCC2)c2ccccc2)cc1,NR-ER-LBD,0.0,0.0,1,0.9222139432267573,True,0.0,false_positive,0.9222139432267573,0.9222139432267573
TOX22436,COc1cc(O)c(C(=O)c2ccccc2)cc1S(=O)(=O)O,NR-ER-LBD,0.0,0.0,1,0.7637245477904174,True,0.0,false_positive,0.7637245477904174,0.7637245477904174
TOX12398,N#Cc1c[nH]cc1-c1cccc2c1OC(F)(F)O2,NR-ER-LBD,1.0,1.0,0,0.03507591953743184,True,0.0,false_negative,0.9649240804625682,0.9649240804625682
TOX25053,C[N+](C)(C)CCCCCC[N+](C)(C)C,NR-ER-LBD,0.0,0.0,1,0.553244458249335,True,0.0,false_positive,0.553244458249335,0.553244458249335
TOX9055,CC(C)CCCCCCc1ccc(O)cc1,NR-ER-LBD,1.0,1.0,0,0.18485098114843132,True,0.0,false_negative,0.8151490188515687,0.8151490188515687
TOX4200,Cc1cccc(O)c1,NR-ER-LBD,0.0,0.0,1,0.6473003752287239,True,0.0,false_positive,0.6473003752287239,0.6473003752287239
TOX1327,CCCCCc1cc(O)c2c(c1)OC(C)(C)[C@@H]1CCC(C)=C[C@@H]21,NR-ER-LBD,0.0,0.0,1,0.6429608417541083,True,0.0,false_positive,0.6429608417541083,0.6429608417541083
TOX26442,C#CCOC(C(=O)OCCN(C)C)(c1ccccc1)c1ccccc1,NR-ER-LBD,0.0,0.0,1,0.6774833738548417,True,0.0,false_positive,0.6774833738548417,0.6774833738548417
TOX1590,CCCCCCCCCCCC(=O)O,NR-ER-LBD,0.0,0.0,1,0.6894061165112082,True,0.0,false_positive,0.6894061165112082,0.6894061165112082
TOX5395,C[Si](C)(C)N[Si](C)(C)C,NR-ER-LBD,1.0,1.0,0,0.012609562953534924,True,0.0,false_negative,0.9873904370464651,0.9873904370464651
TOX26576,CCN1C(=CC=Cc2ccc3ccccc3[n+]2CC)C=Cc2ccccc21,NR-ER-LBD,0.0,0.0,1,0.9692448983195794,True,0.0,false_positive,0.9692448983195794,0.9692448983195794
TOX21977,CC(C)OC(=O)C(C)N(C(=O)c1ccccc1)c1ccc(F)c(Cl)c1,NR-ER-LBD,1.0,1.0,0,0.2630432010285419,True,0.0,false_negative,0.736956798971458,0.736956798971458
TOX26670,CC(=O)OCC(=O)NCCCOc1cccc(CN2CCCCC2)c1,NR-ER-LBD,1.0,1.0,0,0.0006102688889236272,True,0.0,false_negative,0.9993897311110763,0.9993897311110763
TOX24817,CC1C2CC(CC2C2CCCC(O)C2)C1(C)C,NR-ER-LBD,1.0,1.0,0,0.01821188229072599,True,0.0,false_negative,0.981788117709274,0.981788117709274
TOX4489,Cc1ccc(N)cc1O,NR-ER-LBD,0.0,0.0,1,0.5366399943925864,True,0.0,false_positive,0.5366399943925864,0.5366399943925864
TOX28750,CCC(=O)O[C@H]1[C@@H](N2CCCCC2)C[C@H]2[C@@H]3CC[C@H]4C[C@H](OC(C)=O)[C@@H](N5CCCCC5)C[C@]4(C)[C@H]3CC[C@@]21C,NR-ER-LBD,0.0,0.0,1,0.789243954710472,True,0.0,false_positive,0.789243954710472,0.789243954710472
TOX690,Oc1c(Cl)cc(Cl)c(Cl)c1Cc1c(O)c(Cl)cc(Cl)c1Cl,NR-ER-LBD,0.0,0.0,1,0.524671893644142,True,0.0,false_positive,0.524671893644142,0.524671893644142
TOX26034,C[C@H]1O[C@H](O[C@@H]2[C@@H](CO)O[C@H](O[C@@H]3[C@@H](CO)O[C@@H](O)[C@H](O)[C@H]3O)[C@H](O)[C@H]2O)[C@H](O)[C@@H](O)[C@@H]1N[C@H]1C=C(CO)[C@@H](O)[C@H](O)[C@H]1O,NR-ER-LBD,1.0,1.0,0,0.003341780770486158,True,0.0,false_negative,0.9966582192295138,0.9966582192295138
TOX20404,CC1=C(/C=C/C(C)=C\C=C/C(C)=C/C(=O)O)C(C)(C)CCC1,NR-ER-LBD,0.0,0.0,1,0.9235658340448922,True,0.0,false_positive,0.9235658340448922,0.9235658340448922
TOX7292,CCCC[Sn](Cl)(Cl)CCCC,NR-ER-LBD,1.0,1.0,0,0.07174838041834142,True,0.0,false_negative,0.9282516195816586,0.9282516195816586
TOX2886,C[N+](C)(C)CCCCCCCCCC[N+](C)(C)C,NR-ER-LBD,0.0,0.0,1,0.553244458249335,True,0.0,false_positive,0.553244458249335,0.553244458249335
TOX26017,CCC(COC(=O)c1cc(OC)c(OC)c(OC)c1)(c1ccccc1)N(C)C,NR-ER-LBD,0.0,0.0,1,0.5113112458785257,True,0.0,false_positive,0.5113112458785257,0.5113112458785257
TOX28775,CC(C(O)c1ccccc1)N(C)CCOC(c1ccccc1)c1ccccc1,NR-ER-LBD,0.0,0.0,1,0.8721756176240848,True,0.0,false_positive,0.8721756176240848,0.8721756176240848
TOX28895,CC(C)=CCC/C(C)=C/CC/C(C)=C/CC/C(C)=C/CC1=C(C)C(=O)c2ccccc2C1=O,NR-ER-LBD,0.0,0.0,1,0.8480445326742109,True,0.0,false_positive,0.8480445326742109,0.8480445326742109
TOX6259,CC(CCl)OP(=O)(OC(C)CCl)OC(C)CCl,NR-ER-LBD,0.0,0.0,1,0.7801061947285804,True,0.0,false_positive,0.7801061947285804,0.7801061947285804
TOX4291,CCOP(=S)(OCC)Oc1cnc2ccccc2n1,NR-ER-LBD,1.0,1.0,0,0.009796348482194649,True,0.0,false_negative,0.9902036515178053,0.9902036515178053
TOX12551,O=[N+]([O-])c1cc(C(F)(F)F)c(Cl)c([N+](=O)[O-])c1Nc1ncc(C(F)(F)F)cc1Cl,NR-ER-LBD,1.0,1.0,0,0.03846517749892772,True,0.0,false_negative,0.9615348225010723,0.9615348225010723
TOX7584,c1ccc2sc(SN(C3CCCCC3)C3CCCCC3)nc2c1,NR-PPAR-gamma,0.0,0.0,1,0.7700623425861846,True,0.0,false_positive,0.7700623425861846,0.7700623425861846
TOX7579,OCCOCCOCCOCCOCCO,NR-PPAR-gamma,0.0,0.0,1,0.6712971181645189,True,0.0,false_positive,0.6712971181645189,0.6712971181645189
TOX21629,O=C(Nc1ccccc1SSc1ccccc1NC(=O)c1ccccc1)c1ccccc1,NR-PPAR-gamma,1.0,1.0,0,0.49552477001941797,True,0.0,false_negative,0.504475229980582,0.504475229980582
TOX6725,CCCCCCC(O)CCCCCCCCCCC(=O)O,NR-PPAR-gamma,1.0,1.0,0,0.2213466890254119,True,0.0,false_negative,0.7786533109745881,0.7786533109745881
TOX4783,C=CC(=O)OCCCl,NR-PPAR-gamma,0.0,0.0,1,0.969247501349205,True,0.0,false_positive,0.969247501349205,0.969247501349205
TOX21197,CCCCCC/C=C\CCCCCCCC(=O)O,NR-PPAR-gamma,1.0,1.0,0,0.23778575352599218,True,0.0,false_negative,0.7622142464740078,0.7622142464740078
TOX25701,N[C@H]1[C@@H]2CN(c3nc4c(cc3F)c(=O)c(C(=O)O)cn4-c3ccc(F)cc3F)C[C@H]12,NR-PPAR-gamma,1.0,1.0,0,0.06181840734541187,True,0.0,false_negative,0.9381815926545881,0.9381815926545881
TOX25118,O=C(O)CCc1nc(-c2ccccc2)c(-c2ccccc2)o1,NR-PPAR-gamma,1.0,1.0,0,0.13165335238702996,True,0.0,false_negative,0.86834664761297,0.86834664761297
TOX22477,Cc1cccc(N(C)C(=S)Oc2ccc3ccccc3c2)c1,NR-PPAR-gamma,0.0,0.0,1,0.7264895380562418,True,0.0,false_positive,0.7264895380562418,0.7264895380562418
TOX27312,N#Cc1ccc(N(CC(N)=O)CC(F)(F)F)cc1C(F)(F)F,NR-PPAR-gamma,1.0,1.0,0,0.028314251959839366,True,0.0,false_negative,0.9716857480401606,0.9716857480401606
TOX24441,Cc1ccccc1CCl,NR-PPAR-gamma,0.0,0.0,1,0.6774737485856498,True,0.0,false_positive,0.6774737485856498,0.6774737485856498
TOX4052,CC1=C(C)S(=O)(=O)CCS1(=O)=O,NR-PPAR-gamma,1.0,1.0,0,0.006884428883101344,True,0.0,false_negative,0.9931155711168986,0.9931155711168986
TOX3545,Cc1cc(/C=C/c2ccc3cc(N(C)C)ccc3[n+]2C)c(C)n1-c1ccccc1.Cc1cc(/C=C/c2ccc3cc(N(C)C)ccc3[n+]2C)c(C)n1-c1ccccc1.O=C([O-])c1cc2ccccc2c(Cc2c(O)c(C(=O)[O-])cc3ccccc23)c1O,NR-PPAR-gamma,0.0,0.0,1,0.7551102967432674,True,0.0,false_positive,0.7551102967432674,0.7551102967432674
TOX17207,O=C([O-])C(Cl)Cl,NR-PPAR-gamma,0.0,0.0,1,0.6545386177856679,True,0.0,false_positive,0.6545386177856679,0.6545386177856679
TOX7983,CCC(O)OCCCOC,NR-PPAR-gamma,0.0,0.0,1,0.6057049565355773,True,0.0,false_positive,0.6057049565355773,0.6057049565355773
TOX26903,N=C(N)NN=C(C=Cc1ccc([N+](=O)[O-])o1)C=Cc1ccc([N+](=O)[O-])o1,NR-PPAR-gamma,1.0,1.0,0,0.00019349048426428519,True,0.0,false_negative,0.9998065095157357,0.9998065095157357
TOX13674,COC1=CC(=O)O[C@@H](/C=C/c2ccc3c(c2)OCO3)C1,NR-PPAR-gamma,0.0,0.0,1,0.6248796348077993,True,0.0,false_positive,0.6248796348077993,0.6248796348077993
TOX20715,C=CC(=O)OCCOc1ccccc1,NR-PPAR-gamma,0.0,0.0,1,0.930538005526692,True,0.0,false_positive,0.930538005526692,0.930538005526692
TOX25655,O=C(O)CN1C(=O)c2cccc3cccc(c23)C1=O,NR-PPAR-gamma,0.0,0.0,1,0.9089157287719081,True,0.0,false_positive,0.9089157287719081,0.9089157287719081
TOX3042,CCOC(=O)C1=C(C)NC(C)=C(C(=O)OC)C1c1cccc(Cl)c1Cl,NR-PPAR-gamma,0.0,0.0,1,0.9659070796657423,True,0.0,false_positive,0.9659070796657423,0.9659070796657423
TOX160,Cc1c(COC(=O)C2C(/C=C(\Cl)C(F)(F)F)C2(C)C)cccc1-c1ccccc1,NR-PPAR-gamma,0.0,0.0,1,0.8111760080034376,True,0.0,false_positive,0.8111760080034376,0.8111760080034376
TOX911,CC(C)(Oc1ccc(C2CCCc3ccccc32)cc1)C(=O)O,NR-PPAR-gamma,1.0,1.0,0,0.11419832396378596,True,0.0,false_negative,0.8858016760362141,0.8858016760362141
TOX20712,CC[Sn](Br)(CC)CC,NR-PPAR-gamma,1.0,1.0,0,0.360788916567146,True,0.0,false_negative,0.6392110834328539,0.6392110834328539
TOX17734,CCCCCCCCCCCCCCC(Br)C(=O)O,NR-PPAR-gamma,1.0,1.0,0,0.23649249976201686,True,0.0,false_negative,0.7635075002379832,0.7635075002379832
TOX9652,C=CC(=O)OC(C)(C)C,NR-PPAR-gamma,0.0,0.0,1,0.5538691553281838,True,0.0,false_positive,0.5538691553281838,0.5538691553281838
TOX9869,CC(C)(Oc1ccc(CCNC(=O)c2ccc(Cl)cc2)cc1)C(=O)O,NR-PPAR-gamma,1.0,1.0,0,0.4051657657959773,True,0.0,false_negative,0.5948342342040227,0.5948342342040227
TOX3007,CCN(CC)C(=O)c1ccc(O)c(OC)c1,NR-PPAR-gamma,0.0,0.0,1,0.6573080358371302,True,0.0,false_positive,0.6573080358371302,0.6573080358371302
TOX18298,Oc1ccc2ccc3cccc4ccc1c2c34,NR-PPAR-gamma,0.0,0.0,1,0.58488461581358,True,0.0,false_positive,0.58488461581358,0.58488461581358
TOX1387,CC(Oc1cc(Cl)c(Cl)cc1Cl)C(=O)O,NR-PPAR-gamma,1.0,1.0,0,0.08600022214032656,True,0.0,false_negative,0.9139997778596735,0.9139997778596735
TOX360,c1ccc2sc(SNC3CCCCC3)nc2c1,NR-PPAR-gamma,0.0,0.0,1,0.9199988655957742,True,0.0,false_positive,0.9199988655957742,0.9199988655957742
TOX28869,C=CC(=O)Nc1cc2c(Nc3ccc(F)c(Cl)c3)ncnc2cc1OCCCN1CCOCC1,NR-PPAR-gamma,0.0,0.0,1,0.8803131598540631,True,0.0,false_positive,0.8803131598540631,0.8803131598540631
TOX1199,CCCCN(CC)C(=O)SCCC,NR-PPAR-gamma,0.0,0.0,1,0.6365084775411323,True,0.0,false_positive,0.6365084775411323,0.6365084775411323
TOX5013,Clc1nc2ccccc2nc1Cl,NR-PPAR-gamma,1.0,1.0,0,0.12644078071946951,True,0.0,false_negative,0.8735592192805305,0.8735592192805305
TOX24624,C=CC(=O)OCCCCCCCC,NR-PPAR-gamma,0.0,0.0,1,0.6516402591316953,True,0.0,false_positive,0.6516402591316953,0.6516402591316953
TOX21141,CO[C@H]1[C@H]([C@]2(C)O[C@@H]2CC=C(C)C)[C@]2(CC[C@H]1OC(=O)NC(=O)CCl)CO2,NR-PPAR-gamma,1.0,1.0,0,0.047298754259513257,True,0.0,false_negative,0.9527012457404868,0.9527012457404868
TOX428,O=C(O)C(Cl)Cl,NR-PPAR-gamma,0.0,0.0,1,0.83041319294475,True,0.0,false_positive,0.83041319294475,0.83041319294475
TOX21743,Cc1ccccc1/N=N/c1ccc(/N=N/c2c(O)ccc3ccccc23)c(C)c1,NR-PPAR-gamma,0.0,0.0,1,0.548988839013793,True,0.0,false_positive,0.548988839013793,0.548988839013793
TOX24960,Nc1ccc(C(=O)OCCCOC(=O)c2ccc(N)cc2)cc1,NR-PPAR-gamma,0.0,0.0,1,0.57009689334259,True,0.0,false_positive,0.57009689334259,0.57009689334259
TOX24623,C=CC(=O)OCCCCO,NR-PPAR-gamma,0.0,0.0,1,0.7622314250897493,True,0.0,false_positive,0.7622314250897493,0.7622314250897493
TOX24223,O=C1[C@H](CC[C@H](O)c2ccc(F)cc2)[C@@H](c2ccc(O)cc2)N1c1ccc(F)cc1,NR-PPAR-gamma,0.0,0.0,1,0.9051546454133077,True,0.0,false_positive,0.9051546454133077,0.9051546454133077
TOX1289,C=C(Cl)CSC(=S)N(CC)CC,NR-PPAR-gamma,0.0,0.0,1,0.8319672728640839,True,0.0,false_positive,0.8319672728640839,0.8319672728640839
TOX3122,CN1C(=O)C(C)(C2=CCCCC2)C(=O)N=C1O,NR-PPAR-gamma,0.0,0.0,1,0.6932453027660053,True,0.0,false_positive,0.6932453027660053,0.6932453027660053
TOX4488,Cc1ccc(O)c(N)c1,NR-PPAR-gamma,1.0,1.0,0,0.003222172579956547,True,0.0,false_negative,0.9967778274200435,0.9967778274200435
TOX21206,c1csc(-c2ccc(-c3cccs3)s2)c1,NR-PPAR-gamma,1.0,1.0,0,0.006938791728890205,True,0.0,false_negative,0.9930612082711098,0.9930612082711098
TOX9055,CC(C)CCCCCCc1ccc(O)cc1,NR-PPAR-gamma,0.0,0.0,1,0.6641858940373188,True,0.0,false_positive,0.6641858940373188,0.6641858940373188
TOX28968,O=C(O)Cc1ccc(OCCNC[C@H](O)c2ccccc2)cc1,NR-PPAR-gamma,0.0,0.0,1,0.9612826001959607,True,0.0,false_positive,0.9612826001959607,0.9612826001959607
TOX22324,CC(=O)CC(c1ccccc1)c1c([O-])c2ccccc2oc1=O,NR-PPAR-gamma,1.0,1.0,0,0.3401407586745781,True,0.0,false_negative,0.6598592413254218,0.6598592413254218
TOX26576,CCN1C(=CC=Cc2ccc3ccccc3[n+]2CC)C=Cc2ccccc21,NR-PPAR-gamma,0.0,0.0,1,0.6582588382984621,True,0.0,false_positive,0.6582588382984621,0.6582588382984621
TOX14583,CCOC(=O)Cc1cccc2ccccc12,NR-PPAR-gamma,0.0,0.0,1,0.9545319643707645,True,0.0,false_positive,0.9545319643707645,0.9545319643707645
TOX29268,Brc1c2ccccc2c(Br)c2ccccc12,NR-PPAR-gamma,1.0,1.0,0,0.16394554501747197,True,0.0,false_negative,0.8360544549825281,0.8360544549825281
TOX7639,CCCOCCOCCO,NR-PPAR-gamma,0.0,0.0,1,0.5802796739374547,True,0.0,false_positive,0.5802796739374547,0.5802796739374547
TOX22369,CCN(CC)c1ccc2c(-c3ccccc3C(=O)O)c3ccc(N(CC)CC)cc3[o+]c2c1,NR-PPAR-gamma,0.0,0.0,1,0.9163467447549235,True,0.0,false_positive,0.9163467447549235,0.9163467447549235
TOX4002,CC1(C)C(C(=O)OC(C#N)c2cccc(Oc3ccccc3)c2)C1(C)C,NR-PPAR-gamma,0.0,0.0,1,0.5735345298367717,True,0.0,false_positive,0.5735345298367717,0.5735345298367717
TOX22,O=C(O)c1cc(Oc2ccc(C(F)(F)F)cc2Cl)ccc1[N+](=O)[O-],NR-PPAR-gamma,0.0,0.0,1,0.6887856520979357,True,0.0,false_positive,0.6887856520979357,0.6887856520979357
TOX10423,O=c1cc(-c2ccccc2)oc2ccc3ccccc3c12,NR-PPAR-gamma,0.0,0.0,1,0.9827584188149486,True,0.0,false_positive,0.9827584188149486,0.9827584188149486
TOX12551,O=[N+]([O-])c1cc(C(F)(F)F)c(Cl)c([N+](=O)[O-])c1Nc1ncc(C(F)(F)F)cc1Cl,NR-PPAR-gamma,1.0,1.0,0,0.0778208086061509,True,0.0,false_negative,0.9221791913938491,0.9221791913938491
TOX24537,CC(C)c1ccc2c(C(C)C)cc(C(C)C)c(S(=O)(=O)[O-])c2c1,SR-ARE,1.0,1.0,0,0.01872031036937172,True,0.0,false_negative,0.9812796896306283,0.9812796896306283
TOX27902,CCCCCCCC[N+](C)(CCCCCCCC)CCCCCCCC.O=S(=O)([N-]S(=O)(=O)C(F)(F)F)C(F)(F)F,SR-ARE,0.0,0.0,1,0.7294550818232632,True,0.0,false_positive,0.7294550818232632,0.7294550818232632
TOX3190,CN1CCC(=C2c3ccccc3CC(=O)c3sccc32)CC1,SR-ARE,0.0,0.0,1,0.5597208961178187,True,0.0,false_positive,0.5597208961178187,0.5597208961178187
TOX22011,CCCCCCCCCCCC(=O)N(C)CC(=O)O,SR-ARE,1.0,1.0,0,0.014000999411010576,True,0.0,false_negative,0.9859990005889894,0.9859990005889894
TOX25195,CCCN(CCC)CCc1cccc2c1CC(=O)N2,SR-ARE,0.0,0.0,1,0.5920868379255793,True,0.0,false_positive,0.5920868379255793,0.5920868379255793
TOX31419,CS(=O)(=O)c1ccc(-c2cn3ccccc3n2)cc1,SR-ARE,0.0,0.0,1,0.8133686119813884,True,0.0,false_positive,0.8133686119813884,0.8133686119813884
TOX6261,O=P(OC(CCl)CCl)(OC(CCl)CCl)OC(CCl)CCl,SR-ARE,0.0,0.0,1,0.8799634645362319,True,0.0,false_positive,0.8799634645362319,0.8799634645362319
TOX6725,CCCCCCC(O)CCCCCCCCCCC(=O)O,SR-ARE,1.0,1.0,0,0.004212323081685765,True,0.0,false_negative,0.9957876769183143,0.9957876769183143
TOX5302,CCCCC(CC)COC(=O)C=Cc1ccc(OC)cc1,SR-ARE,0.0,0.0,1,0.775181511938133,True,0.0,false_positive,0.775181511938133,0.775181511938133
TOX7443,C=CC(=O)NCOCCCC,SR-ARE,1.0,1.0,0,0.45881749804347377,True,0.0,false_negative,0.5411825019565262,0.5411825019565262
TOX24646,CC1(C)COP(Oc2ccccc2)OC1,SR-ARE,0.0,0.0,1,0.5239583426948868,True,0.0,false_positive,0.5239583426948868,0.5239583426948868
TOX19721,CCCCCCCCCCCCOCCOCCOCCOCCOCCOCCOCCOCCOCCO,SR-ARE,1.0,1.0,0,0.10427184903315183,True,0.0,false_negative,0.8957281509668482,0.8957281509668482
TOX2690,O=C(CCCN1CCC(O)(c2ccc(Br)cc2)CC1)c1ccc(F)cc1,SR-ARE,0.0,0.0,1,0.8713047137519873,True,0.0,false_positive,0.8713047137519873,0.8713047137519873
TOX4320,Clc1cc(Cl)c(Cl)cc1Cl,SR-ARE,0.0,0.0,1,0.674133845471371,True,0.0,false_positive,0.674133845471371,0.674133845471371
TOX6339,Cc1c(C)c2c(c(C)c1O)CC[C@@](C)(CCC[C@H](C)CCC[C@H](C)CCCC(C)C)O2,SR-ARE,0.0,0.0,1,0.8879200989071374,True,0.0,false_positive,0.8879200989071374,0.8879200989071374
TOX7991,CCCCCCCCCCCCCCCCO,SR-ARE,1.0,1.0,0,0.010571276839378042,True,0.0,false_negative,0.9894287231606219,0.9894287231606219
TOX27128,CC(=O)OCC=C(C)C,SR-ARE,0.0,0.0,1,0.614963904601621,True,0.0,false_positive,0.614963904601621,0.614963904601621
TOX29281,CCCC[n+]1cccc(C)c1.F[B-](F)(F)F,SR-ARE,0.0,0.0,1,0.72169975103099,True,0.0,false_positive,0.72169975103099,0.72169975103099
TOX708,NNc1ccc(C(=O)O)cc1,SR-ARE,0.0,0.0,1,0.8294674790998185,True,0.0,false_positive,0.8294674790998185,0.8294674790998185
TOX27130,C/C=C(\C)C(=O)OCc1ccccc1,SR-ARE,0.0,0.0,1,0.8461732938564398,True,0.0,false_positive,0.8461732938564398,0.8461732938564398
TOX1233,O=C([O-])c1ccccc1-c1c2cc(I)c(=O)c(I)c-2oc2c(I)c([O-])c(I)cc12,SR-ARE,0.0,0.0,1,0.9896881097843088,True,0.0,false_positive,0.9896881097843088,0.9896881097843088
TOX26000,C[C@H]1[C@H]2CC[C@H]3[C@@H]4CC=C5C[C@@H](N(C)C)CC[C@]5(C)[C@H]4CC[C@]23CN1C,SR-ARE,0.0,0.0,1,0.997752263616766,True,0.0,false_positive,0.997752263616766,0.997752263616766
TOX27946,COP(=O)([O-])OC.Cn1cc[n+](C)c1,SR-ARE,0.0,0.0,1,0.569847557161267,True,0.0,false_positive,0.569847557161267,0.569847557161267
TOX5012,C=C(Cl)CCl,SR-ARE,0.0,0.0,1,0.7922184425558942,True,0.0,false_positive,0.7922184425558942,0.7922184425558942
TOX23892,O=C(O)c1ccc2[nH]cc(CCCCN3CC=C(c4ccccc4)CC3)c2c1,SR-ARE,0.0,0.0,1,0.8485645863334375,True,0.0,false_positive,0.8485645863334375,0.8485645863334375
TOX1771,CCC(C)(C)c1ccc(O)cc1,SR-ARE,0.0,0.0,1,0.9042688879765651,True,0.0,false_positive,0.9042688879765651,0.9042688879765651
TOX269,CCC(Cl)CCC(Cl)C(Cl)CC(Cl)C(Cl)C(Cl)CCl,SR-ARE,0.0,0.0,1,0.7768756627785828,True,0.0,false_positive,0.7768756627785828,0.7768756627785828
TOX1102,CC1(C)S[C@@H]2[C@H](NC(=O)COc3ccccc3)C(=O)N2[C@H]1C(=O)[O-],SR-ARE,0.0,0.0,1,0.5030141833203186,True,0.0,false_positive,0.5030141833203186,0.5030141833203186
TOX1296,CCCCC1(COC(=O)CCC(=O)O)C(=O)N(c2ccccc2)N(c2ccccc2)C1=O,SR-ARE,1.0,1.0,0,0.15560767806114967,True,0.0,false_negative,0.8443923219388503,0.8443923219388503
TOX24915,CC1COc2ccccc2N1,SR-ARE,0.0,0.0,1,0.7047229263176226,True,0.0,false_positive,0.7047229263176226,0.7047229263176226
TOX28978,NC(=O)COCCN1CCN(C(c2ccccc2)c2ccc(Cl)cc2)CC1,SR-ARE,0.0,0.0,1,0.7076961283836284,True,0.0,false_positive,0.7076961283836284,0.7076961283836284
TOX5590,CC1CCCC1,SR-ARE,1.0,1.0,0,0.04019699320386408,True,0.0,false_negative,0.959803006796136,0.959803006796136
TOX28985,Cc1nc2n(c(=O)c1CCN1CCC(c3noc4cc(F)ccc34)CC1)CCC[C@H]2O,SR-ARE,0.0,0.0,1,0.6557316131038707,True,0.0,false_positive,0.6557316131038707,0.6557316131038707
TOX25572,CC1(C)[C@@H](OC(=O)CCC(=O)[O-])CC[C@@]2(C)[C@H]1CC[C@]1(C)[C@@H]2C(=O)C=C2[C@@H]3C[C@@](C)(C(=O)[O-])CC[C@]3(C)CC[C@]21C,SR-ARE,1.0,1.0,0,0.07352956613831733,True,0.0,false_negative,0.9264704338616827,0.9264704338616827
TOX4454,CC(=O)Nc1cccc(N)c1,SR-ARE,0.0,0.0,1,0.5978322846939988,True,0.0,false_positive,0.5978322846939988,0.5978322846939988
TOX458,CCOP(=S)(OCC)Oc1nc(Cl)c(Cl)cc1Cl,SR-ARE,1.0,1.0,0,0.00025169543968355895,True,0.0,false_negative,0.9997483045603165,0.9997483045603165
TOX401,Nc1ccc(O)c(N)c1,SR-ARE,0.0,0.0,1,0.7755260942643944,True,0.0,false_positive,0.7755260942643944,0.7755260942643944
TOX1397,CC1=C(C)C(=O)C(C(CCCCCC(=O)O)c2ccccc2)=C(C)C1=O,SR-ARE,1.0,1.0,0,0.089907479254006,True,0.0,false_negative,0.910092520745994,0.910092520745994
TOX27312,N#Cc1ccc(N(CC(N)=O)CC(F)(F)F)cc1C(F)(F)F,SR-ARE,0.0,0.0,1,0.6674783876661012,True,0.0,false_positive,0.6674783876661012,0.6674783876661012
TOX9572,CC1COc2ccccc2N1C(=O)C(Cl)Cl,SR-ARE,1.0,1.0,0,0.3431557761128582,True,0.0,false_negative,0.6568442238871418,0.6568442238871418
TOX11862,O=C(O)C(F)(F)C(F)(F)C(F)(F)C(F)(F)C(F)(F)F,SR-ARE,0.0,0.0,1,0.9231659940171905,True,0.0,false_positive,0.9231659940171905,0.9231659940171905
TOX1975,c1ccc(Nc2ccccc2)cc1,SR-ARE,0.0,0.0,1,0.5545044847694638,True,0.0,false_positive,0.5545044847694638,0.5545044847694638
TOX27701,Cc1occc(=O)c1OC(=O)C(C)C,SR-ARE,0.0,0.0,1,0.6629167776351297,True,0.0,false_positive,0.6629167776351297,0.6629167776351297
TOX830,COc1c2occc2cc2ccc(=O)oc12,SR-ARE,0.0,0.0,1,0.5455043285497647,True,0.0,false_positive,0.5455043285497647,0.5455043285497647
TOX820,Cn1cc[nH]c1=S,SR-ARE,0.0,0.0,1,0.8543058395380327,True,0.0,false_positive,0.8543058395380327,0.8543058395380327
TOX4052,CC1=C(C)S(=O)(=O)CCS1(=O)=O,SR-ARE,1.0,1.0,0,0.1297150023873755,True,0.0,false_negative,0.8702849976126246,0.8702849976126246
TOX589,CCc1ccc(C(c2ccc(CC)cc2)C(Cl)Cl)cc1,SR-ARE,0.0,0.0,1,0.6187111018324954,True,0.0,false_positive,0.6187111018324954,0.6187111018324954
TOX27104,CCCC/C=C/C=C\C=O,SR-ARE,1.0,1.0,0,0.4917903042311072,True,0.0,false_negative,0.5082096957688929,0.5082096957688929
TOX4840,[Co+2].c1cc[cH-]c1.c1cc[cH-]c1,SR-ARE,1.0,1.0,0,0.06102519892524022,True,0.0,false_negative,0.9389748010747598,0.9389748010747598
TOX24995,CCn1c2ccccc2c2cc([N+](=O)[O-])ccc21,SR-ARE,0.0,0.0,1,0.579091889780209,True,0.0,false_positive,0.579091889780209,0.579091889780209
TOX1685,CC1=CC(=O)CC(C)(C)C1=O,SR-ARE,0.0,0.0,1,0.7940830569439651,True,0.0,false_positive,0.7940830569439651,0.7940830569439651
TOX6981,CC(=O)Nc1ccc(S(=O)(=O)Cl)cc1,SR-ARE,0.0,0.0,1,0.5198169837078943,True,0.0,false_positive,0.5198169837078943,0.5198169837078943
TOX2526,O=C(OCc1ccccc1)c1ccc(O)cc1,SR-ARE,0.0,0.0,1,0.7488787662559724,True,0.0,false_positive,0.7488787662559724,0.7488787662559724
TOX3470,O=C(O)c1ccccc1C(=O)Nc1ccc(S(=O)(=O)Nc2nccs2)cc1,SR-ARE,0.0,0.0,1,0.6497848543929495,True,0.0,false_positive,0.6497848543929495,0.6497848543929495
TOX7905,C/C(=C\C(C)CC(C)CC(C)C)C1CC(=O)OC1=O,SR-ARE,1.0,1.0,0,0.10240437761949751,True,0.0,false_negative,0.8975956223805025,0.8975956223805025
TOX12424,CS(=O)(=O)c1ccc(C(=O)C2C(=O)CCCC2=O)c([N+](=O)[O-])c1,SR-ARE,0.0,0.0,1,0.6846303679203131,True,0.0,false_positive,0.6846303679203131,0.6846303679203131
TOX5361,C=C(C)C(=O)OCC1CO1,SR-ARE,0.0,0.0,1,0.7196925603061264,True,0.0,false_positive,0.7196925603061264,0.7196925603061264
TOX26113,CC=CC=NNC(=O)c1ccncc1,SR-ARE,1.0,1.0,0,0.049586799590240364,True,0.0,false_negative,0.9504132004097596,0.9504132004097596
TOX27792,CC(C)(N)Cc1ccc(Cl)cc1,SR-ARE,0.0,0.0,1,0.824576051563834,True,0.0,false_positive,0.824576051563834,0.824576051563834
TOX26093,O=c1[nH]c2cc(C(F)(F)F)c(N3CCOCC3)cc2n(CP(=O)(O)O)c1=O,SR-ARE,0.0,0.0,1,0.5571542353113281,True,0.0,false_positive,0.5571542353113281,0.5571542353113281
TOX5226,Clc1ccc(COC(Cn2ccnc2)c2ccc(Cl)cc2Cl)cc1,SR-ARE,0.0,0.0,1,0.9902826428223456,True,0.0,false_positive,0.9902826428223456,0.9902826428223456
TOX5137,Cc1ccc(C)c([N+](=O)[O-])c1,SR-ARE,1.0,1.0,0,0.038131572247130624,True,0.0,false_negative,0.9618684277528694,0.9618684277528694
TOX31463,CC(C)C(=O)Nc1cccc(C(F)(F)F)c1,SR-ARE,0.0,0.0,1,0.6289126453862707,True,0.0,false_positive,0.6289126453862707,0.6289126453862707
TOX29143,Clc1cc(Cl)nc(Cl)n1,SR-ARE,1.0,1.0,0,0.4042241743622583,True,0.0,false_negative,0.5957758256377417,0.5957758256377417
TOX28853,CCC(=O)N(c1ccccc1)C1(COC)CCN(CCn2nnn(CC)c2=O)CC1,SR-ARE,0.0,0.0,1,0.7806033586017355,True,0.0,false_positive,0.7806033586017355,0.7806033586017355
TOX26631,CCOC(CN1CCN(CC(C)C(=O)c2ccccc2)CC1)c1ccccc1,SR-ARE,1.0,1.0,0,0.2589470780597078,True,0.0,false_negative,0.7410529219402922,0.7410529219402922
TOX29159,CN(C)c1ccc(/C=C/c2ccc([N+](=O)[O-])cc2)cc1,SR-ARE,0.0,0.0,1,0.872563586211241,True,0.0,false_positive,0.872563586211241,0.872563586211241
TOX31555,CCOC(=O)N1CCC(n2c(=O)[nH]c3cc(Cl)ccc32)CC1,SR-ARE,1.0,1.0,0,0.013544927369933743,True,0.0,false_negative,0.9864550726300663,0.9864550726300663
TOX25497,O=C(OCC(O)CO)c1ccccc1Nc1ccnc2cc(Cl)ccc12,SR-ARE,1.0,1.0,0,0.01058697208547603,True,0.0,false_negative,0.989413027914524,0.989413027914524
TOX29323,CC[n+]1ccccc1,SR-ARE,1.0,1.0,0,0.44200515133617385,True,0.0,false_negative,0.5579948486638262,0.5579948486638262
TOX7594,Cc1ccc(/N=N/c2c(O)c(C(=O)[O-])cc3ccccc23)c(S(=O)(=O)[O-])c1,SR-ARE,1.0,1.0,0,0.0015567322832706057,True,0.0,false_negative,0.9984432677167294,0.9984432677167294
TOX3748,CCN(C(C)=O)c1cccc(-c2ccnc3c(C#N)cnn23)c1,SR-ARE,0.0,0.0,1,0.9996277093300557,True,0.0,false_positive,0.9996277093300557,0.9996277093300557
TOX21117,CC[C@H]1OC(=O)[C@H](C)[C@@H](O[C@H]2C[C@@](C)(OC)[C@@H](O)[C@H](C)O2)[C@H](C)[C@@H](O[C@@H]2O[C@H](C)C[C@H](N(C)C)[C@H]2O)[C@](C)(O)C[C@@H](C)C(=NOCOCCOC)[C@H](C)[C@@H](O)[C@]1(C)O,SR-ARE,0.0,0.0,1,0.6014149363424887,True,0.0,false_positive,0.6014149363424887,0.6014149363424887
TOX26403,N[C@H](C(=O)O)c1ccc(O)cc1,SR-ARE,0.0,0.0,1,0.5345725508032911,True,0.0,false_positive,0.5345725508032911,0.5345725508032911
TOX14181,O=C(c1ccc(OCCN2CCCCC2)cc1)c1c(-c2ccc(O)cc2)sc2cc(O)ccc12,SR-ARE,0.0,0.0,1,0.999319384501945,True,0.0,false_positive,0.999319384501945,0.999319384501945
TOX31406,COc1ccc2c(c1)CCCC2=O,SR-ARE,0.0,0.0,1,0.6258046013009436,True,0.0,false_positive,0.6258046013009436,0.6258046013009436
TOX24545,CN(C)c1ccc(O)c2c1C[C@H]1C[C@H]3[C@H](N(C)C)C(O)=C(C(N)=O)C(=O)[C@@]3(O)C(O)=C1C2=O,SR-ARE,0.0,0.0,1,0.6395543865181632,True,0.0,false_positive,0.6395543865181632,0.6395543865181632
TOX27606,CCC(=O)OC/C=C/c1ccccc1,SR-ARE,1.0,1.0,0,0.026516060149740034,True,0.0,false_negative,0.9734839398502599,0.9734839398502599
TOX16105,CC(=O)OC1CCCCC1C(C)(C)C,SR-ARE,0.0,0.0,1,0.7136795702538139,True,0.0,false_positive,0.7136795702538139,0.7136795702538139
TOX26772,CCCN(CCc1cccs1)[C@H]1CCc2c(O)cccc2C1,SR-ARE,0.0,0.0,1,0.9937040579996199,True,0.0,false_positive,0.9937040579996199,0.9937040579996199
TOX956,O=[N+]([O-])c1cc([As](=O)(O)O)ccc1O,SR-ARE,0.0,0.0,1,0.8657141523397774,True,0.0,false_positive,0.8657141523397774,0.8657141523397774
TOX15013,Cl[Zn]Cl,SR-ARE,0.0,0.0,1,0.6059694953160337,True,0.0,false_positive,0.6059694953160337,0.6059694953160337
TOX24680,NCCCN(CCO)CCO,SR-ARE,0.0,0.0,1,0.5482916605284021,True,0.0,false_positive,0.5482916605284021,0.5482916605284021
TOX2187,Cc1ccc(C)c(O)c1C,SR-ARE,0.0,0.0,1,0.7183877676822745,True,0.0,false_positive,0.7183877676822745,0.7183877676822745
TOX6647,O=C(O)c1ccc(O)cc1,SR-ARE,0.0,0.0,1,0.7134339000969941,True,0.0,false_positive,0.7134339000969941,0.7134339000969941
TOX31502,COC(=O)Nc1nc2cc(C(=O)C3CC3)ccc2[nH]1,SR-ARE,0.0,0.0,1,0.5669820817478413,True,0.0,false_positive,0.5669820817478413,0.5669820817478413
TOX7774,O=C([O-])CN(CCN(CC(=O)[O-])CC(=O)[O-])CC(=O)[O-].[Fe+3],SR-ARE,1.0,1.0,0,0.10121815008347787,True,0.0,false_negative,0.8987818499165221,0.8987818499165221
TOX22451,Clc1sc(Cl)c(Cl)c1Cl,SR-ARE,0.0,0.0,1,0.6932741465988463,True,0.0,false_positive,0.6932741465988463,0.6932741465988463
TOX26853,CC1(C)CCC(C)(C)c2cc(NC(=O)c3ccc(C(=O)O)cc3)ccc21,SR-ARE,0.0,0.0,1,0.992429596051528,True,0.0,false_positive,0.992429596051528,0.992429596051528
TOX1361,Cc1ccc(N=C=O)cc1N=C=O,SR-ARE,1.0,1.0,0,0.12374094865169906,True,0.0,false_negative,0.876259051348301,0.876259051348301
TOX27311,CNS(=O)(=O)c1cc(C(=O)N2CCC(CCN3C4CCC3CC(n3c(C)nc5ccccc53)C4)(c3cccc(F)c3)CC2)c(Cl)cc1F,SR-ARE,1.0,1.0,0,0.007299563588902393,True,0.0,false_negative,0.9927004364110976,0.9927004364110976
TOX13564,CC1=C2[C@H](/C=C(\C)C(=O)O)CC[C@@H](C)[C@H]2[C@H](O)C1,SR-ARE,0.0,0.0,1,0.7624994112870678,True,0.0,false_positive,0.7624994112870678,0.7624994112870678
TOX24836,O=C(c1ccc(O)cc1)c1ccc(O)cc1O,SR-ARE,0.0,0.0,1,0.8438691742636316,True,0.0,false_positive,0.8438691742636316,0.8438691742636316
TOX4523,C[C@]12CC[C@H]3[C@@H](CCC4=CC(=O)CC[C@@]43C)[C@@H]1CCC2=O,SR-ARE,0.0,0.0,1,0.5367257473729309,True,0.0,false_positive,0.5367257473729309,0.5367257473729309
TOX17596,CCNc1nc(NCC)nc(SC)n1,SR-ARE,0.0,0.0,1,0.6541596219962644,True,0.0,false_positive,0.6541596219962644,0.6541596219962644
TOX28720,CCOC(=O)NC(C)(C)Cc1ccc(Cl)cc1,SR-ARE,0.0,0.0,1,0.6738535372408004,True,0.0,false_positive,0.6738535372408004,0.6738535372408004
TOX1869,Cc1ccc(O)cc1,SR-ARE,0.0,0.0,1,0.5005443883897167,True,0.0,false_positive,0.5005443883897167,0.5005443883897167
TOX782,O=C(O)c1nn(Cc2ccc(Cl)cc2Cl)c2ccccc12,SR-ARE,1.0,1.0,0,0.03494850595279731,True,0.0,false_negative,0.9650514940472027,0.9650514940472027
TOX25625,CCCOc1ccc2[nH]c(NC(=O)OC)nc2c1,SR-ARE,1.0,1.0,0,0.45456379669400343,True,0.0,false_negative,0.5454362033059965,0.5454362033059965
TOX13105,O=c1[nH]c(=O)n([C@H]2C[C@H](O)[C@@H](CO)O2)cc1Br,SR-ARE,0.0,0.0,1,0.6336104194372563,True,0.0,false_positive,0.6336104194372563,0.6336104194372563
TOX18808,C=C[Si]1(C)O[Si](C)(C=C)O[Si](C)(C=C)O[Si](C)(C=C)O1,SR-ARE,0.0,0.0,1,0.802490175629696,True,0.0,false_positive,0.802490175629696,0.802490175629696
TOX5538,S=C1NC=NC2N=CNC12,SR-ARE,1.0,1.0,0,0.15251378858990491,True,0.0,false_negative,0.8474862114100951,0.8474862114100951
TOX6766,CC(C)=CC(C)(C)C,SR-ARE,0.0,0.0,1,0.5022208107925499,True,0.0,false_positive,0.5022208107925499,0.5022208107925499
TOX1087,O=C1Nc2ccc(Cl)cc2C(c2ccccc2)=NC1O,SR-ARE,0.0,0.0,1,0.9788701406683513,True,0.0,false_positive,0.9788701406683513,0.9788701406683513
TOX262,Nc1cc(Cl)cc(C(=O)O)c1Cl,SR-ARE,0.0,0.0,1,0.9878962395228426,True,0.0,false_positive,0.9878962395228426,0.9878962395228426
TOX27199,CCCc1ccc(O)c(OC)c1,SR-ARE,0.0,0.0,1,0.5798936675799883,True,0.0,false_positive,0.5798936675799883,0.5798936675799883
TOX7997,C=CCN(CC=C)C(=O)C(Cl)Cl,SR-ARE,0.0,0.0,1,0.6544437963841597,True,0.0,false_positive,0.6544437963841597,0.6544437963841597
TOX27695,Nc1ccccc1C(=O)Oc1ccc2ccccc2c1,SR-ARE,1.0,1.0,0,0.3861818077751393,True,0.0,false_negative,0.6138181922248607,0.6138181922248607
TOX21873,CCNc1nc(NC(C)C(C)C)nc(SC)n1,SR-ARE,0.0,0.0,1,0.7278104710080731,True,0.0,false_positive,0.7278104710080731,0.7278104710080731
TOX24624,C=CC(=O)OCCCCCCCC,SR-ARE,0.0,0.0,1,0.7363722864851567,True,0.0,false_positive,0.7363722864851567,0.7363722864851567
TOX25752,OCCN1CCN(CCCN2c3ccccc3C=Cc3ccccc32)CC1,SR-ARE,0.0,0.0,1,0.9717429630501798,True,0.0,false_positive,0.9717429630501798,0.9717429630501798
TOX3974,CS(=O)(=O)c1ccc(Cl)cc1,SR-ARE,0.0,0.0,1,0.5884632833829914,True,0.0,false_positive,0.5884632833829914,0.5884632833829914
TOX25810,O=C(CCCN1CCC(O)(c2cccc(C(F)(F)F)c2)CC1)c1ccc(F)cc1,SR-ARE,0.0,0.0,1,0.9693820524214649,True,0.0,false_positive,0.9693820524214649,0.9693820524214649
TOX4930,Cc1ccc(N)c(N)c1,SR-ARE,1.0,1.0,0,0.24264766116608014,True,0.0,false_negative,0.7573523388339198,0.7573523388339198
TOX3794,C[C@]12C/C(=C/O)C(=O)C[C@@H]1CC[C@@H]1[C@@H]2CC[C@@]2(C)[C@H]1CC[C@]2(C)O,SR-ARE,1.0,1.0,0,0.008775201923663881,True,0.0,false_negative,0.9912247980763361,0.9912247980763361
TOX24709,COc1ccc(OC)c(NC(=O)CC(C)=O)c1,SR-ARE,0.0,0.0,1,0.5084049613060286,True,0.0,false_positive,0.5084049613060286,0.5084049613060286
TOX2364,C[C@]12CC[C@H]3[C@@H](CC[C@H]4CC(=O)CC[C@@]43C)[C@@H]1CC[C@@H]2O,SR-ARE,1.0,1.0,0,0.13901796605130715,True,0.0,false_negative,0.8609820339486929,0.8609820339486929
TOX28974,CN1C[C@H]2c3ccccc3Oc3ccc(Cl)cc3[C@@H]2C1,SR-ARE,0.0,0.0,1,0.6208551013216124,True,0.0,false_positive,0.6208551013216124,0.6208551013216124
TOX25750,CCNC(=O)N1CCN(CCCC(c2ccc(F)cc2)c2ccc(F)cc2)CC1,SR-ARE,1.0,1.0,0,0.07855370677080321,True,0.0,false_negative,0.9214462932291968,0.9214462932291968
TOX27050,C=C(C)[C@@H]1CCC2=CC(=O)C[C@@H](C)[C@]2(C)C1,SR-ARE,0.0,0.0,1,0.692127173986668,True,0.0,false_positive,0.692127173986668,0.692127173986668
TOX340,[Co+2],SR-ARE,1.0,1.0,0,0.13473265540222684,True,0.0,false_negative,0.8652673445977732,0.8652673445977732
TOX31569,C#Cc1ccc(-c2ccccc2F)cc1,SR-ARE,0.0,0.0,1,0.6942028598537975,True,0.0,false_positive,0.6942028598537975,0.6942028598537975
TOX24904,Cc1cc(C(=C2C=CC(=Nc3ccc(S(=O)(=O)[O-])cc3S(=O)(=O)O)C=C2)c2ccc(Nc3ccc(S(=O)(=O)[O-])cc3)cc2)ccc1N,SR-ARE,0.0,0.0,1,0.9496219248042622,True,0.0,false_positive,0.9496219248042622,0.9496219248042622
TOX4559,Nc1ccc(/N=N\c2ccccc2)c(N)c1,SR-ARE,1.0,1.0,0,0.49617344704763294,True,0.0,false_negative,0.5038265529523671,0.5038265529523671
TOX26437,Nc1nc(Cl)nc2c1ncn2[C@@H]1O[C@H](CO)[C@@H](O)[C@@H]1F,SR-ARE,1.0,1.0,0,0.40333732861766486,True,0.0,false_negative,0.5966626713823351,0.5966626713823351
TOX5611,Cc1ccco1,SR-ARE,1.0,1.0,0,0.1404437808667481,True,0.0,false_negative,0.8595562191332519,0.8595562191332519
TOX26277,O=C(Nc1ncc([N+](=O)[O-])s1)c1cccs1,SR-ARE,1.0,1.0,0,0.4339681361710971,True,0.0,false_negative,0.5660318638289029,0.5660318638289029
TOX28883,Cc1ccc(-n2nc(C(C)(C)C)cc2NC(=O)Nc2ccc(OCCN3CCOCC3)c3ccccc23)cc1,SR-ARE,0.0,0.0,1,0.9513535469481453,True,0.0,false_positive,0.9513535469481453,0.9513535469481453
TOX296,Nc1ccc(Cl)cc1,SR-ARE,0.0,0.0,1,0.5105082764802242,True,0.0,false_positive,0.5105082764802242,0.5105082764802242
TOX28480,CS(=O)(=O)c1ccc([C@@H](CC2CCCC2)C(=O)Nc2cnccn2)cc1Cl,SR-ARE,1.0,1.0,0,0.014299427355513953,True,0.0,false_negative,0.9857005726444861,0.9857005726444861
TOX2573,Oc1ncnc2[nH]ncc12,SR-ARE,0.0,0.0,1,0.8710557958182343,True,0.0,false_positive,0.8710557958182343,0.8710557958182343
TOX779,C[C@H](CCC(=O)O)[C@H]1CC[C@H]2[C@@H]3CC[C@@H]4C[C@H](O)CC[C@]4(C)[C@H]3CC[C@@]21C,SR-ARE,1.0,1.0,0,0.00288789765890333,True,0.0,false_negative,0.9971121023410967,0.9971121023410967
TOX29078,CCCCCCCCCCCC[N+](C)(C)CCCS(=O)(=O)[O-],SR-ARE,0.0,0.0,1,0.9067346823397185,True,0.0,false_positive,0.9067346823397185,0.9067346823397185
TOX25741,COP(=O)(OC)OC(c1ccc(Cl)cc1)P(=O)(OC)OC,SR-ARE,0.0,0.0,1,0.8925273198397785,True,0.0,false_positive,0.8925273198397785,0.8925273198397785
TOX11089,O=C1OC2(c3cc(Br)c(O)c(Br)c3Oc3c2cc(Br)c(O)c3Br)c2c(Cl)c(Cl)c(Cl)c(Cl)c21,SR-ARE,0.0,0.0,1,0.9715470179910596,True,0.0,false_positive,0.9715470179910596,0.9715470179910596
TOX31398,CCCCCCn1c(=O)c2c(ncn2C)n(C)c1=O,SR-ARE,0.0,0.0,1,0.915773829659403,True,0.0,false_positive,0.915773829659403,0.915773829659403
TOX2743,O=NN(CCCl)C(=O)NCCCl,SR-ARE,1.0,1.0,0,0.10584168886759548,True,0.0,false_negative,0.8941583111324045,0.8941583111324045
TOX27725,c1ccc2c(c1)sc1ccccc12,SR-ARE,0.0,0.0,1,0.9150598051024695,True,0.0,false_positive,0.9150598051024695,0.9150598051024695
TOX939,O=C(O)CN(CC(=O)O)CC(=O)O,SR-ARE,1.0,1.0,0,0.03475607735314768,True,0.0,false_negative,0.9652439226468523,0.9652439226468523
TOX21075,CN(C)C(=O)Oc1cccc([N+](C)(C)C)c1,SR-ARE,0.0,0.0,1,0.6904812070873707,True,0.0,false_positive,0.6904812070873707,0.6904812070873707
TOX790,CCOC(=O)CC(SP(=O)(OC)OC)C(=O)OCC,SR-ARE,1.0,1.0,0,0.12262319690609824,True,0.0,false_negative,0.8773768030939018,0.8773768030939018
TOX2143,C=CC(=O)OCC(C)O,SR-ARE,1.0,1.0,0,0.25478389875110424,True,0.0,false_negative,0.7452161012488958,0.7452161012488958
TOX6529,Cc1ccc(C(C)(C)C)c(O)c1,SR-ARE,0.0,0.0,1,0.6389259892521968,True,0.0,false_positive,0.6389259892521968,0.6389259892521968
TOX9327,C=CCOc1c(Br)cc(C(C)(C)c2cc(Br)c(OCC=C)c(Br)c2)cc1Br,SR-ARE,1.0,1.0,0,0.12502425800718178,True,0.0,false_negative,0.8749757419928182,0.8749757419928182
TOX4259,CCOP(=S)(OCC)SCn1c(=O)oc2cc(Cl)ccc21,SR-ARE,1.0,1.0,0,0.3364890413301415,True,0.0,false_negative,0.6635109586698584,0.6635109586698584
TOX3999,Nc1nc(N)nc(NC2CC2)n1,SR-ARE,0.0,0.0,1,0.7729033348577953,True,0.0,false_positive,0.7729033348577953,0.7729033348577953
TOX9167,CNC(=S)[S-],SR-ARE,0.0,0.0,1,0.6894255440681547,True,0.0,false_positive,0.6894255440681547,0.6894255440681547
TOX31559,CC(C)C(=O)Nc1cccc(C2CN3CCSC3=N2)c1,SR-ARE,0.0,0.0,1,0.6853226461105344,True,0.0,false_positive,0.6853226461105344,0.6853226461105344
TOX26561,NCc1ccccc1Sc1ccccc1CO,SR-ARE,0.0,0.0,1,0.8412776240850477,True,0.0,false_positive,0.8412776240850477,0.8412776240850477
TOX20236,O=c1cc(CO)occ1O,SR-ARE,0.0,0.0,1,0.8078721265873572,True,0.0,false_positive,0.8078721265873572,0.8078721265873572
TOX2404,O=C(c1ccccc1O)c1ccccc1O,SR-ARE,1.0,1.0,0,0.29915705756473526,True,0.0,false_negative,0.7008429424352647,0.7008429424352647
TOX2828,Nc1nc(Cl)nc2c1ncn2[C@H]1C[C@H](O)[C@@H](CO)O1,SR-ARE,0.0,0.0,1,0.7039094057748266,True,0.0,false_positive,0.7039094057748266,0.7039094057748266
TOX28119,CCCCC(CC)COC(=O)/C=C/c1ccc(OC)cc1,SR-ARE,0.0,0.0,1,0.775181511938133,True,0.0,false_positive,0.775181511938133,0.775181511938133
TOX7835,C/C=C/C=C/C(=O)[O-],SR-ARE,0.0,0.0,1,0.8387323542079123,True,0.0,false_positive,0.8387323542079123,0.8387323542079123
TOX7236,Cc1cccc([N+](=O)[O-])c1[N+](=O)[O-],SR-ARE,1.0,1.0,0,0.24540565000706777,True,0.0,false_negative,0.7545943499929322,0.7545943499929322
TOX3437,CC(=O)CCCCn1c(=O)c2c(ncn2C)n(C)c1=O,SR-ARE,0.0,0.0,1,0.7499319268595332,True,0.0,false_positive,0.7499319268595332,0.7499319268595332
TOX20363,CC(C)(C)C(O)/C(=C\c1ccc(Cl)cc1Cl)n1cncn1,SR-ARE,1.0,1.0,0,0.3363953766590306,True,0.0,false_negative,0.6636046233409694,0.6636046233409694
TOX27831,CC[C@]1(O)C[C@@H]2CN(CCc3c([nH]c4ccccc34)[C@@](C(=O)OC)(c3cc4c(cc3OC)N(C)[C@H]3[C@@](O)(C(=O)OC)[C@H](OC(C)=O)[C@]5(CC)C=CCN6CC[C@]43[C@@H]65)C2)C1,SR-ARE,1.0,1.0,0,0.0001957575281310329,True,0.0,false_negative,0.9998042424718689,0.9998042424718689
TOX26634,CCOc1cc(OCC)c(C(=O)CCC(=O)O)cc1OCC,SR-ARE,1.0,1.0,0,0.4391952756857894,True,0.0,false_negative,0.5608047243142106,0.5608047243142106
TOX5217,CCCCCCCCC/C=C/CC1CC(=O)OC1=O,SR-ARE,1.0,1.0,0,0.2505411774962961,True,0.0,false_negative,0.7494588225037039,0.7494588225037039
TOX2425,O=C(c1ccc(O)cc1)c1ccc(O)cc1,SR-ARE,0.0,0.0,1,0.7753416191170117,True,0.0,false_positive,0.7753416191170117,0.7753416191170117
TOX28773,N[C@H]1CN(c2c(F)cc3c(=O)c(C(=O)O)cn(C4C[C@H]4F)c3c2Cl)CC12CC2,SR-ARE,0.0,0.0,1,0.6157068276086627,True,0.0,false_positive,0.6157068276086627,0.6157068276086627
TOX28423,c1ccc2cc(CC3=NCCN3)ccc2c1,SR-ARE,0.0,0.0,1,0.6727443110365297,True,0.0,false_positive,0.6727443110365297,0.6727443110365297
TOX27316,CCCCN1C(=O)[C@@H]([C@H](O)C2CCCCC2)NC(=O)C12CCN(Cc1ccc(Oc3ccc(C(=O)O)cc3)cc1)CC2,SR-ARE,1.0,1.0,0,0.02052399449940179,True,0.0,false_negative,0.9794760055005982,0.9794760055005982
TOX4786,O=C(C=Cc1ccc(O)c(O)c1)O[C@@H]1C[C@](O)(C(=O)O)C[C@@H](O)[C@H]1O,SR-ARE,0.0,0.0,1,0.8729358783639588,True,0.0,false_positive,0.8729358783639588,0.8729358783639588
TOX21513,[O-][n+]1ccc(Cl)cc1,SR-ARE,0.0,0.0,1,0.6444912086252731,True,0.0,false_positive,0.6444912086252731,0.6444912086252731
TOX12374,O=c1sc2ccccc2c(O)c1C1CC(c2ccc(-c3ccc(Br)cc3)cc2)Cc2ccccc21,SR-ARE,1.0,1.0,0,0.39944070731585035,True,0.0,false_negative,0.6005592926841496,0.6005592926841496
TOX24635,C=Cc1ccc(S(=O)(=O)[O-])cc1,SR-ARE,1.0,1.0,0,0.14073948846833811,True,0.0,false_negative,0.8592605115316618,0.8592605115316618
TOX25651,CN1C(=O)COc2c(C(=O)NC3CN4CCC3CC4)cc(Cl)cc21,SR-ARE,0.0,0.0,1,0.7898322861571172,True,0.0,false_positive,0.7898322861571172,0.7898322861571172
TOX24625,O=CN(CCO)CCO,SR-ARE,0.0,0.0,1,0.7569906168486038,True,0.0,false_positive,0.7569906168486038,0.7569906168486038
TOX28711,O=C(N[C@H]1N=C(c2ccccc2F)c2cccc3c2N(CC3)C1=O)c1cc2ccccc2[nH]1,SR-ARE,0.0,0.0,1,0.9845670847618098,True,0.0,false_positive,0.9845670847618098,0.9845670847618098
TOX682,Clc1c(Cl)c(Cl)c(Cl)c(Cl)c1Cl,SR-ARE,0.0,0.0,1,0.7356531808733312,True,0.0,false_positive,0.7356531808733312,0.7356531808733312
TOX27038,CCc1ccc(O)c(OC)c1,SR-ARE,0.0,0.0,1,0.6000118648364436,True,0.0,false_positive,0.6000118648364436,0.6000118648364436
TOX24623,C=CC(=O)OCCCCO,SR-ARE,1.0,1.0,0,0.2926396954230114,True,0.0,false_negative,0.7073603045769886,0.7073603045769886
TOX27242,COc1ccc(N)cc1N,SR-ARE,1.0,1.0,0,0.1026462295602892,True,0.0,false_negative,0.8973537704397108,0.8973537704397108
TOX29069,O=C1c2ccccc2C(=O)c2cc(Cl)ccc21,SR-ARE,0.0,0.0,1,0.9682793671841976,True,0.0,false_positive,0.9682793671841976,0.9682793671841976
TOX28160,O=C(O)Cc1cc(I)c(Oc2cc(I)c(O)c(I)c2)c(I)c1,SR-ARE,1.0,1.0,0,0.4506521500744581,True,0.0,false_negative,0.549347849925542,0.549347849925542
TOX26675,CS(=O)(=O)CCNCc1ccc(-c2ccc3ncnc(Nc4ccc(OCc5cccc(F)c5)c(Cl)c4)c3c2)o1,SR-ARE,1.0,1.0,0,0.4539896247432834,True,0.0,false_negative,0.5460103752567166,0.5460103752567166
TOX9762,CCCCN(CCCC)c1ccc(C(=O)c2ccccc2C(=O)O)c(O)c1,SR-ARE,1.0,1.0,0,0.01078556594107638,True,0.0,false_negative,0.9892144340589236,0.9892144340589236
TOX22437,COC(=O)Nc1ccc(Cl)c(Cl)c1,SR-ARE,0.0,0.0,1,0.7158088750372146,True,0.0,false_positive,0.7158088750372146,0.7158088750372146
TOX7902,CC1=CC2C3CC(C=C3C)C2C1,SR-ARE,1.0,1.0,0,0.026638639842462015,True,0.0,false_negative,0.9733613601575379,0.9733613601575379
TOX1356,CC(=O)Oc1c(C)c(C)c2c(c1C)CC[C@@](C)(CCC[C@H](C)CCC[C@H](C)CCCC(C)C)O2,SR-ARE,0.0,0.0,1,0.9188205340292086,True,0.0,false_positive,0.9188205340292086,0.9188205340292086
TOX27630,CC(CN(CCN(CC(C)OCCO)CC(C)OCCO)CC(C)OCCO)OCCO,SR-ARE,1.0,1.0,0,0.08284982584020517,True,0.0,false_negative,0.9171501741597948,0.9171501741597948
TOX21619,COC(=O)C(C)N(C(=O)Cc1ccccc1)c1c(C)cccc1C,SR-ARE,1.0,1.0,0,0.14579255116635348,True,0.0,false_negative,0.8542074488336465,0.8542074488336465
TOX31562,Nc1ncnc2c1ncn2Cc1c(F)cccc1Cl,SR-ARE,0.0,0.0,1,0.6629158474571573,True,0.0,false_positive,0.6629158474571573,0.6629158474571573
TOX12655,CC1(C)CCC(=Cc2ccc(Cl)cc2)C1(O)Cn1cncn1,SR-ARE,0.0,0.0,1,0.8403686146790833,True,0.0,false_positive,0.8403686146790833,0.8403686146790833
TOX4961,CCCCCCCCCCCC(=O)O[Sn](CCCC)(CCCC)OC(=O)CCCCCCCCCCC,SR-ARE,1.0,1.0,0,0.3415850911164328,True,0.0,false_negative,0.6584149088835671,0.6584149088835671
TOX1289,C=C(Cl)CSC(=S)N(CC)CC,SR-ARE,1.0,1.0,0,0.4811429852185754,True,0.0,false_negative,0.5188570147814247,0.5188570147814247
TOX26585,O=C(O)c1ccc(OCCCOc2ccc(C(=O)O)cc2)cc1,SR-ARE,0.0,0.0,1,0.5125891292236165,True,0.0,false_positive,0.5125891292236165,0.5125891292236165
TOX4942,OCC(Br)=C(Br)CO,SR-ARE,0.0,0.0,1,0.5393239923798335,True,0.0,false_positive,0.5393239923798335,0.5393239923798335
TOX4488,Cc1ccc(O)c(N)c1,SR-ARE,1.0,1.0,0,0.4048763955518133,True,0.0,false_negative,0.5951236044481867,0.5951236044481867
TOX21206,c1csc(-c2ccc(-c3cccs3)s2)c1,SR-ARE,1.0,1.0,0,0.4279628507638951,True,0.0,false_negative,0.5720371492361049,0.5720371492361049
TOX1304,NCCS(=O)(=O)O,SR-ARE,1.0,1.0,0,0.2703282919830904,True,0.0,false_negative,0.7296717080169096,0.7296717080169096
TOX25053,C[N+](C)(C)CCCCCC[N+](C)(C)C,SR-ARE,0.0,0.0,1,0.8085598852308391,True,0.0,false_positive,0.8085598852308391,0.8085598852308391
TOX4916,C=CC(=O)NC(C)(C)CC(C)=O,SR-ARE,0.0,0.0,1,0.5572052066992744,True,0.0,false_positive,0.5572052066992744,0.5572052066992744
TOX26638,CCC(C)(Oc1ccc(C2(c3ccc(OC(C)(CC)C(=O)O)cc3)CCCCC2)cc1)C(=O)O,SR-ARE,0.0,0.0,1,0.5644232781989604,True,0.0,false_positive,0.5644232781989604,0.5644232781989604
TOX28516,CO/N=C(/C(=O)N[C@@H]1C(=O)N2C(C(=O)OCOC(=O)C(C)(C)C)=C(C)CS[C@H]12)c1csc(N)n1,SR-ARE,0.0,0.0,1,0.8346696856347154,True,0.0,false_positive,0.8346696856347154,0.8346696856347154
TOX29162,Clc1nnc(Cl)c2ccccc12,SR-ARE,1.0,1.0,0,0.45068710564898656,True,0.0,false_negative,0.5493128943510135,0.5493128943510135
TOX27383,O=C([O-])c1ccc2c(c1)nc(C(=O)NC1CCN(C3CC3)CC1)n2Cc1cc(-c2ccc(Cl)s2)on1,SR-ARE,0.0,0.0,1,0.9961260891523859,True,0.0,false_positive,0.9961260891523859,0.9961260891523859
TOX27543,COC(=O)C(C)N(C(=O)c1ccco1)c1c(C)cccc1C,SR-ARE,0.0,0.0,1,0.5252839123130829,True,0.0,false_positive,0.5252839123130829,0.5252839123130829
TOX200,OCCBr,SR-ARE,1.0,1.0,0,0.23292909961947816,True,0.0,false_negative,0.7670709003805218,0.7670709003805218
TOX14625,CO/N=C(/C1=NOCCO1)c1ccccc1Oc1ncnc(Oc2ccccc2Cl)c1F,SR-ARE,1.0,1.0,0,0.0003321110800761744,True,0.0,false_negative,0.9996678889199239,0.9996678889199239
TOX27702,CSSc1ccoc1C,SR-ARE,0.0,0.0,1,0.6595234928927112,True,0.0,false_positive,0.6595234928927112,0.6595234928927112
TOX25616,Fc1ccc(C(c2ccc(F)cc2)N2CCN(C/C=C/c3ccccc3)CC2)cc1,SR-ARE,0.0,0.0,1,0.9556341204723815,True,0.0,false_positive,0.9556341204723815,0.9556341204723815
TOX26081,Cc1cc(OI)c(C(C)C)cc1-c1cc(C(C)C)c(OI)cc1C,SR-ARE,0.0,0.0,1,0.5135400852139523,True,0.0,false_positive,0.5135400852139523,0.5135400852139523
TOX21977,CC(C)OC(=O)C(C)N(C(=O)c1ccccc1)c1ccc(F)c(Cl)c1,SR-ARE,1.0,1.0,0,0.3181912254626868,True,0.0,false_negative,0.6818087745373131,0.6818087745373131
TOX6602,CC(C)(C)c1ccc(O)c(C(C)(C)C)c1,SR-ARE,0.0,0.0,1,0.8569899671762037,True,0.0,false_positive,0.8569899671762037,0.8569899671762037
TOX4489,Cc1ccc(N)cc1O,SR-ARE,1.0,1.0,0,0.3080440890923643,True,0.0,false_negative,0.6919559109076356,0.6919559109076356
TOX3155,Oc1c(I)cc(I)c2cccnc12,SR-ARE,0.0,0.0,1,0.9882646352582851,True,0.0,false_positive,0.9882646352582851,0.9882646352582851
TOX31556,N#Cc1cc(NC(=O)C(=O)O)c(Cl)c(NC(=O)C(=O)O)c1,SR-ARE,0.0,0.0,1,0.8972892498160143,True,0.0,false_positive,0.8972892498160143,0.8972892498160143
TOX3362,O=C(CCNNC(=O)c1ccncc1)NCc1ccccc1,SR-ARE,0.0,0.0,1,0.5929846490482964,True,0.0,false_positive,0.5929846490482964,0.5929846490482964
TOX25287,Nc1ccc(S(=O)(=O)NC(=O)c2ccccc2)cc1,SR-ARE,0.0,0.0,1,0.5704752817004886,True,0.0,false_positive,0.5704752817004886,0.5704752817004886
TOX15616,O=[N+]([O-])c1ccccc1[O-],SR-ARE,0.0,0.0,1,0.7695413300134119,True,0.0,false_positive,0.7695413300134119,0.7695413300134119
TOX27715,C/C=C\c1ccc(OCC)c(O)c1,SR-ARE,0.0,0.0,1,0.6193492141907486,True,0.0,false_positive,0.6193492141907486,0.6193492141907486
TOX279,C=C(C)CCl,SR-ARE,0.0,0.0,1,0.6669720064228435,True,0.0,false_positive,0.6669720064228435,0.6669720064228435
TOX31534,CC(C)(C)c1ccc(C(=O)CCCCl)cc1,SR-ARE,0.0,0.0,1,0.8938917103033999,True,0.0,false_positive,0.8938917103033999,0.8938917103033999
TOX28544,CC1(C)S[C@@H]2[C@H](NC(=O)[C@@H](c3ccccc3)S(=O)(=O)[O-])C(=O)N2[C@H]1C(=O)[O-],SR-ARE,0.0,0.0,1,0.5534598332832897,True,0.0,false_positive,0.5534598332832897,0.5534598332832897
TOX26034,C[C@H]1O[C@H](O[C@@H]2[C@@H](CO)O[C@H](O[C@@H]3[C@@H](CO)O[C@@H](O)[C@H](O)[C@H]3O)[C@H](O)[C@H]2O)[C@H](O)[C@@H](O)[C@@H]1N[C@H]1C=C(CO)[C@@H](O)[C@H](O)[C@H]1O,SR-ARE,0.0,0.0,1,0.7096982008019946,True,0.0,false_positive,0.7096982008019946,0.7096982008019946
TOX3395,CCCCCCCCCCC[C@@H](C[C@@H]1OC(=O)[C@H]1CCCCCC)OC(=O)C(CC(C)C)NC=O,SR-ARE,0.0,0.0,1,0.5954037562914309,True,0.0,false_positive,0.5954037562914309,0.5954037562914309
TOX12646,CCNS(=O)(=O)C(F)(F)C(F)(F)C(F)(F)C(F)(F)C(F)(F)C(F)(F)C(F)(F)C(F)(F)F,SR-ARE,1.0,1.0,0,0.02298113401447168,True,0.0,false_negative,0.9770188659855283,0.9770188659855283
TOX88,OC[C@@H](O)[C@H]1O[C@@H]2O[C@H](C(Cl)(Cl)Cl)O[C@@H]2[C@H]1O,SR-ARE,0.0,0.0,1,0.5953640335441526,True,0.0,false_positive,0.5953640335441526,0.5953640335441526
TOX26504,O=C(NC1CCN(CCc2c[nH]c3ccccc23)CC1)c1ccccc1,SR-ARE,0.0,0.0,1,0.6734336434625721,True,0.0,false_positive,0.6734336434625721,0.6734336434625721
TOX3021,CCOc1ccc2nc(S(N)(=O)=O)sc2c1,SR-ARE,1.0,1.0,0,0.17487992838593036,True,0.0,false_negative,0.8251200716140696,0.8251200716140696
TOX2886,C[N+](C)(C)CCCCCCCCCC[N+](C)(C)C,SR-ARE,0.0,0.0,1,0.8085598852308391,True,0.0,false_positive,0.8085598852308391,0.8085598852308391
TOX6102,O=C1OC(=O)c2c(Cl)c(Cl)c(Cl)c(Cl)c21,SR-ARE,0.0,0.0,1,0.8781721217073324,True,0.0,false_positive,0.8781721217073324,0.8781721217073324
TOX21613,Clc1ccc(C2(Cn3cncn3)OCCO2)c(Cl)c1,SR-ARE,0.0,0.0,1,0.9435544626005327,True,0.0,false_positive,0.9435544626005327,0.9435544626005327
TOX26017,CCC(COC(=O)c1cc(OC)c(OC)c(OC)c1)(c1ccccc1)N(C)C,SR-ARE,1.0,1.0,0,0.3723677813857484,True,0.0,false_negative,0.6276322186142516,0.6276322186142516
TOX15748,Cl/C=C\C[N+]12CN3CN(CN(C3)C1)C2,SR-ARE,1.0,1.0,0,0.19978096694128003,True,0.0,false_negative,0.80021903305872,0.80021903305872
TOX627,OC(Cn1cncn1)(Cn1cncn1)c1ccc(F)cc1F,SR-ARE,0.0,0.0,1,0.6754899842975968,True,0.0,false_positive,0.6754899842975968,0.6754899842975968
TOX25347,CCN(CC)C(C)CN1c2ccccc2Sc2ccccc21,SR-ARE,0.0,0.0,1,0.6191429014158614,True,0.0,false_positive,0.6191429014158614,0.6191429014158614
TOX24883,CCCCS(=O)(=O)Cl,SR-ARE,0.0,0.0,1,0.599158264098757,True,0.0,false_positive,0.599158264098757,0.599158264098757
TOX3315,C[C@](N)(Cc1ccc(O)cc1)C(=O)O,SR-ARE,0.0,0.0,1,0.5535730862862634,True,0.0,false_positive,0.5535730862862634,0.5535730862862634
TOX2736,CCOC(=O)n1ccn(C)c1=S,SR-ARE,0.0,0.0,1,0.6568546396031562,True,0.0,false_positive,0.6568546396031562,0.6568546396031562
TOX22,O=C(O)c1cc(Oc2ccc(C(F)(F)F)cc2Cl)ccc1[N+](=O)[O-],SR-ARE,0.0,0.0,1,0.9185470818118638,True,0.0,false_positive,0.9185470818118638,0.9185470818118638
TOX27414,CC=CC=CCOC(=O)C(C)C,SR-ARE,1.0,1.0,0,0.35527495535162684,True,0.0,false_negative,0.6447250446483732,0.6447250446483732
TOX3951,CC1=C(C(=O)Nc2ccccc2)SCCO1,SR-ARE,0.0,0.0,1,0.8802695620502872,True,0.0,false_positive,0.8802695620502872,0.8802695620502872
TOX358,OC[C@H]1O[C@@H]2O[C@@H]3[C@@H](CO)O[C@H](O[C@@H]4[C@@H](CO)O[C@H](O[C@@H]5[C@@H](CO)O[C@H](O[C@@H]6[C@@H](CO)O[C@H](O[C@@H]7[C@@H](CO)O[C@H](O[C@@H]8[C@@H](CO)O[C@H](O[C@H]1[C@H](O)[C@H]2O)[C@H](O)[C@H]8O)[C@H](O)[C@H]7O)[C@H](O)[C@H]6O)[C@H](O)[C@H]5O)[C@H](O)[C@H]4O)[C@H](O)[C@H]3O,SR-ARE,0.0,0.0,1,0.6627964160629253,True,0.0,false_positive,0.6627964160629253,0.6627964160629253
TOX1145,c1ccc(OCC2CO2)cc1,SR-ARE,0.0,0.0,1,0.729372720769894,True,0.0,false_positive,0.729372720769894,0.729372720769894
TOX7584,c1ccc2sc(SN(C3CCCCC3)C3CCCCC3)nc2c1,SR-ATAD5,0.0,0.0,1,0.9513101751533327,True,0.0,false_positive,0.9513101751533327,0.9513101751533327
TOX5093,COc1ccc(Nc2ccc(OC)cc2)cc1,SR-ATAD5,1.0,1.0,0,0.06316586575944014,True,0.0,false_negative,0.9368341342405598,0.9368341342405598
TOX14872,Nc1cnn(-c2ccccc2)c(=O)c1Cl,SR-ATAD5,0.0,0.0,1,0.7951851222418935,True,0.0,false_positive,0.7951851222418935,0.7951851222418935
TOX4783,C=CC(=O)OCCCl,SR-ATAD5,0.0,0.0,1,0.9793068208838399,True,0.0,false_positive,0.9793068208838399,0.9793068208838399
TOX25693,Cc1cccc(C)c1Nc1ncccc1C(=O)O,SR-ATAD5,1.0,1.0,0,0.003155515742008495,True,0.0,false_negative,0.9968444842579915,0.9968444842579915
TOX7282,ClP(Cl)c1ccccc1,SR-ATAD5,0.0,0.0,1,0.5092355117008139,True,0.0,false_positive,0.5092355117008139,0.5092355117008139
TOX1285,O=[N+]([O-])/C=C/c1ccccc1,SR-ATAD5,1.0,1.0,0,0.3881933111134735,True,0.0,false_negative,0.6118066888865266,0.6118066888865266
TOX25807,Cc1ccc(S(=O)(=O)N[C@@H](CCCCN)C(=O)CCl)cc1,SR-ATAD5,1.0,1.0,0,6.983869570522108e-05,True,0.0,false_negative,0.9999301613042948,0.9999301613042948
TOX3071,CCN(CC)CCN1C(=O)CN=C(c2ccccc2F)c2cc(Cl)ccc21,SR-ATAD5,0.0,0.0,1,0.69235064716607,True,0.0,false_positive,0.69235064716607,0.69235064716607
TOX1233,O=C([O-])c1ccccc1-c1c2cc(I)c(=O)c(I)c-2oc2c(I)c([O-])c(I)cc12,SR-ATAD5,0.0,0.0,1,0.5850378995610231,True,0.0,false_positive,0.5850378995610231,0.5850378995610231
TOX4470,Nc1nc2c(Cl)cccc2s1,SR-ATAD5,0.0,0.0,1,0.6481584284795513,True,0.0,false_positive,0.6481584284795513,0.6481584284795513
TOX18,CC(=O)Nc1ccc2c(c1)Cc1ccccc1-2,SR-ATAD5,1.0,1.0,0,0.0586904545899334,True,0.0,false_negative,0.9413095454100666,0.9413095454100666
TOX24798,CC(C)CP(=S)([S-])CC(C)C,SR-ATAD5,0.0,0.0,1,0.5492712943109428,True,0.0,false_positive,0.5492712943109428,0.5492712943109428
TOX6967,O=C(OCCOCCOC(=O)c1ccccc1)c1ccccc1,SR-ATAD5,0.0,0.0,1,0.6618515877115447,True,0.0,false_positive,0.6618515877115447,0.6618515877115447
TOX26462,CN[C@@H]1[C@@H](O)[C@@H](O[C@@H]2[C@@H](O)[C@H](O[C@H]3O[C@H](CN)[C@@H](O)[C@H](O)[C@H]3O)[C@@H](N)C[C@H]2NC(=O)C(O)CN)OC[C@]1(C)O,SR-ATAD5,0.0,0.0,1,0.9847187128734725,True,0.0,false_positive,0.9847187128734725,0.9847187128734725
TOX22477,Cc1cccc(N(C)C(=S)Oc2ccc3ccccc3c2)c1,SR-ATAD5,0.0,0.0,1,0.944942351844088,True,0.0,false_positive,0.944942351844088,0.944942351844088
TOX9572,CC1COc2ccccc2N1C(=O)C(Cl)Cl,SR-ATAD5,1.0,1.0,0,3.5148465069677596e-05,True,0.0,false_negative,0.9999648515349303,0.9999648515349303
TOX425,O=C1C(Cl)=C(Cl)C(=O)c2ccccc21,SR-ATAD5,0.0,0.0,1,0.6019373231582529,True,0.0,false_positive,0.6019373231582529,0.6019373231582529
TOX25393,CCCCOc1cc(C(=O)OCCN(CC)CC)ccc1N,SR-ATAD5,0.0,0.0,1,0.5352789149791038,True,0.0,false_positive,0.5352789149791038,0.5352789149791038
TOX1106,Oc1c(Cl)c(Cl)c(Cl)c(Cl)c1Cl,SR-ATAD5,0.0,0.0,1,0.6631881204467202,True,0.0,false_positive,0.6631881204467202,0.6631881204467202
TOX3545,Cc1cc(/C=C/c2ccc3cc(N(C)C)ccc3[n+]2C)c(C)n1-c1ccccc1.Cc1cc(/C=C/c2ccc3cc(N(C)C)ccc3[n+]2C)c(C)n1-c1ccccc1.O=C([O-])c1cc2ccccc2c(Cc2c(O)c(C(=O)[O-])cc3ccccc23)c1O,SR-ATAD5,0.0,0.0,1,0.9996593283403415,True,0.0,false_positive,0.9996593283403415,0.9996593283403415
TOX24538,CCN(CCC#N)c1ccc(N=Nc2c(Cl)cc([N+](=O)[O-])cc2Cl)cc1,SR-ATAD5,0.0,0.0,1,0.8561400237795985,True,0.0,false_positive,0.8561400237795985,0.8561400237795985
TOX3870,Nc1ccncc1,SR-ATAD5,0.0,0.0,1,0.5726391517332067,True,0.0,false_positive,0.5726391517332067,0.5726391517332067
TOX26903,N=C(N)NN=C(C=Cc1ccc([N+](=O)[O-])o1)C=Cc1ccc([N+](=O)[O-])o1,SR-ATAD5,1.0,1.0,0,0.003735815398882127,True,0.0,false_negative,0.9962641846011179,0.9962641846011179
TOX13163,O=C(O)c1cc(/N=N/c2ccc([N+](=O)[O-])cc2)ccc1O,SR-ATAD5,1.0,1.0,0,0.025638212762722584,True,0.0,false_negative,0.9743617872372774,0.9743617872372774
TOX3495,C[n+]1ccccc1/C=N/O,SR-ATAD5,0.0,0.0,1,0.6818124097335151,True,0.0,false_positive,0.6818124097335151,0.6818124097335151
TOX20715,C=CC(=O)OCCOc1ccccc1,SR-ATAD5,0.0,0.0,1,0.9757244246332025,True,0.0,false_positive,0.9757244246332025,0.9757244246332025
TOX29159,CN(C)c1ccc(/C=C/c2ccc([N+](=O)[O-])cc2)cc1,SR-ATAD5,0.0,0.0,1,0.8873411738284114,True,0.0,false_positive,0.8873411738284114,0.8873411738284114
TOX21250,CC(C)Nc1ccc(NC(C)C)c2c1C(=O)c1ccccc1C2=O,SR-ATAD5,0.0,0.0,1,0.6984825603822488,True,0.0,false_positive,0.6984825603822488,0.6984825603822488
TOX24658,N=C1NC(=N)c2ccccc21,SR-ATAD5,1.0,1.0,0,0.489821395925558,True,0.0,false_negative,0.510178604074442,0.510178604074442
TOX12514,O=Cc1ccccc1C=O,SR-ATAD5,1.0,1.0,0,0.06031352109553984,True,0.0,false_negative,0.9396864789044601,0.9396864789044601
TOX14181,O=C(c1ccc(OCCN2CCCCC2)cc1)c1c(-c2ccc(O)cc2)sc2cc(O)ccc12,SR-ATAD5,0.0,0.0,1,0.9235729098461194,True,0.0,false_positive,0.9235729098461194,0.9235729098461194
TOX3478,CC(=O)O[C@H]1C[C@@H]2CC[C@@H]3[C@H](CC[C@@]4(C)[C@H]3C[C@H](N3CC[N+](C)(C)CC3)[C@@H]4OC(C)=O)[C@@]2(C)C[C@@H]1N1CC[N+](C)(C)CC1,SR-ATAD5,0.0,0.0,1,0.666899941530357,True,0.0,false_positive,0.666899941530357,0.666899941530357
TOX7479,Cc1ccc(O)c(-n2nc3ccccc3n2)c1,SR-ATAD5,1.0,1.0,0,0.002646198875941904,True,0.0,false_negative,0.9973538011240581,0.9973538011240581
TOX27859,CCCCCCCCCCCCOC(=O)c1ccc(O)cc1,SR-ATAD5,0.0,0.0,1,0.8559109755756746,True,0.0,false_positive,0.8559109755756746,0.8559109755756746
TOX28778,Cc1ccc2c(n1)Oc1ccc(C(C)C(=O)OCC(=O)N(C)C)cc1C2,SR-ATAD5,1.0,1.0,0,0.02237501720409694,True,0.0,false_negative,0.977624982795903,0.977624982795903
TOX22451,Clc1sc(Cl)c(Cl)c1Cl,SR-ATAD5,0.0,0.0,1,0.7171074787011715,True,0.0,false_positive,0.7171074787011715,0.7171074787011715
TOX1835,CN(C)c1ccc(C=O)cc1,SR-ATAD5,0.0,0.0,1,0.5367961868331219,True,0.0,false_positive,0.5367961868331219,0.5367961868331219
TOX1214,O=C1c2ccccc2C(=O)c2c(O)c(O)cc(O)c21,SR-ATAD5,0.0,0.0,1,0.8720360505206601,True,0.0,false_positive,0.8720360505206601,0.8720360505206601
TOX3007,CCN(CC)C(=O)c1ccc(O)c(OC)c1,SR-ATAD5,0.0,0.0,1,0.628078481825693,True,0.0,false_positive,0.628078481825693,0.628078481825693
TOX24836,O=C(c1ccc(O)cc1)c1ccc(O)cc1O,SR-ATAD5,0.0,0.0,1,0.512023853414432,True,0.0,false_positive,0.512023853414432,0.512023853414432
TOX7050,CN(C)C(=S)[S-],SR-ATAD5,0.0,0.0,1,0.865507426651137,True,0.0,false_positive,0.865507426651137,0.865507426651137
TOX3693,COc1ccc(/C=C/C(=O)Nc2ccccc2C(=O)O)cc1OC,SR-ATAD5,1.0,1.0,0,0.006335216458984263,True,0.0,false_negative,0.9936647835410157,0.9936647835410157
TOX21252,Nc1ccc(N)c2c1C(=O)c1ccccc1C2=O,SR-ATAD5,0.0,0.0,1,0.5035767554287606,True,0.0,false_positive,0.5035767554287606,0.5035767554287606
TOX22244,O=C(Nc1ccc(O)cc1)c1ccccc1O,SR-ATAD5,1.0,1.0,0,0.38281391946802784,True,0.0,false_negative,0.6171860805319722,0.6171860805319722
TOX1199,CCCCN(CC)C(=O)SCCC,SR-ATAD5,0.0,0.0,1,0.8324199550687872,True,0.0,false_positive,0.8324199550687872,0.8324199550687872
TOX26235,Cc1ccc2c(Br)cc(Br)c(O)c2n1,SR-ATAD5,1.0,1.0,0,0.30981371390618256,True,0.0,false_negative,0.6901862860938175,0.6901862860938175
TOX29065,N#Cc1c2ccccc2cc2ccccc12,SR-ATAD5,0.0,0.0,1,0.7064976115370574,True,0.0,false_positive,0.7064976115370574,0.7064976115370574
TOX5013,Clc1nc2ccccc2nc1Cl,SR-ATAD5,0.0,0.0,1,0.7286733640202325,True,0.0,false_positive,0.7286733640202325,0.7286733640202325
TOX24504,O=[N+]([O-])O[Cd]O[N+](=O)[O-],SR-ATAD5,1.0,1.0,0,0.03369488757124328,True,0.0,false_negative,0.9663051124287567,0.9663051124287567
TOX24624,C=CC(=O)OCCCCCCCC,SR-ATAD5,0.0,0.0,1,0.7456519259898221,True,0.0,false_positive,0.7456519259898221,0.7456519259898221
TOX4930,Cc1ccc(N)c(N)c1,SR-ATAD5,1.0,1.0,0,0.2785107405017761,True,0.0,false_negative,0.7214892594982238,0.7214892594982238
TOX4081,O=C(O)C1C2CCC(O2)C1C(=O)O,SR-ATAD5,1.0,1.0,0,0.13116749868374256,True,0.0,false_negative,0.8688325013162574,0.8688325013162574
TOX29067,O=C(/C=C/c1ccc([N+](=O)[O-])cc1)c1ccccc1,SR-ATAD5,1.0,1.0,0,0.18762657242250885,True,0.0,false_negative,0.8123734275774912,0.8123734275774912
TOX20625,C=C(NC(=O)C(=C)NC(=O)c1csc(C2=NC3c4csc(n4)C4NC(=O)c5csc(n5)C(C(C)(O)C(C)O)NC(=O)C5CSC(=N5)/C(=C\C)NC(=O)C(C(C)O)NC(=O)c5csc(n5)C3(CC2)NC(=O)C(C)NC(=O)C(=C)NC(=O)C(C)NC(=O)C(C(C)CC)NC2C=Cc3c(C(C)O)cc(nc3C2O)C(=O)OC4C)n1)C(N)=O,SR-ATAD5,1.0,1.0,0,0.0018553405256439993,True,0.0,false_negative,0.998144659474356,0.998144659474356
TOX26022,CNC1=Nc2ccc(Cl)cc2C(c2ccccc2)=[N+]([O-])C1,SR-ATAD5,0.0,0.0,1,0.8156549300168086,True,0.0,false_positive,0.8156549300168086,0.8156549300168086
TOX971,O=[N+]([O-])c1ccc2c(c1)Cc1ccccc1-2,SR-ATAD5,0.0,0.0,1,0.5070174076645786,True,0.0,false_positive,0.5070174076645786,0.5070174076645786
TOX58,Nc1nnc(-c2ccc([N+](=O)[O-])o2)o1,SR-ATAD5,0.0,0.0,1,0.5371104916591157,True,0.0,false_positive,0.5371104916591157,0.5371104916591157
TOX2577,Cc1nnc2n1-c1ccc(Cl)cc1C(c1ccccc1)=NC2,SR-ATAD5,1.0,1.0,0,0.33385742149720427,True,0.0,false_negative,0.6661425785027957,0.6661425785027957
TOX9117,c1ccc(-c2cccc(-c3ccccc3)c2)cc1,SR-ATAD5,0.0,0.0,1,0.6720242461552524,True,0.0,false_positive,0.6720242461552524,0.6720242461552524
TOX939,O=C(O)CN(CC(=O)O)CC(=O)O,SR-ATAD5,0.0,0.0,1,0.6505553399341175,True,0.0,false_positive,0.6505553399341175,0.6505553399341175
TOX21743,Cc1ccccc1/N=N/c1ccc(/N=N/c2c(O)ccc3ccccc23)c(C)c1,SR-ATAD5,0.0,0.0,1,0.7045752751686162,True,0.0,false_positive,0.7045752751686162,0.7045752751686162
TOX28170,CCCCCCOc1ccc(O)cc1,SR-ATAD5,1.0,1.0,0,0.4613321604040909,True,0.0,false_negative,0.538667839595909,0.538667839595909
TOX24846,O=Cc1ccc(Cl)c([N+](=O)[O-])c1,SR-ATAD5,0.0,0.0,1,0.5387565244865707,True,0.0,false_positive,0.5387565244865707,0.5387565244865707
TOX2425,O=C(c1ccc(O)cc1)c1ccc(O)cc1,SR-ATAD5,0.0,0.0,1,0.8191084829715385,True,0.0,false_positive,0.8191084829715385,0.8191084829715385
TOX24960,Nc1ccc(C(=O)OCCCOC(=O)c2ccc(N)cc2)cc1,SR-ATAD5,0.0,0.0,1,0.9862502343808335,True,0.0,false_positive,0.9862502343808335,0.9862502343808335
TOX4786,O=C(C=Cc1ccc(O)c(O)c1)O[C@@H]1C[C@](O)(C(=O)O)C[C@@H](O)[C@H]1O,SR-ATAD5,0.0,0.0,1,0.5846647739763969,True,0.0,false_positive,0.5846647739763969,0.5846647739763969
TOX28936,CCN(CC)CCn1c(=O)c(Cc2ccc(OC)cc2)nc2ccccc21,SR-ATAD5,0.0,0.0,1,0.5486425234299509,True,0.0,false_positive,0.5486425234299509,0.5486425234299509
TOX6049,C(=C\c1ccccc1)\c1ccccc1,SR-ATAD5,0.0,0.0,1,0.7791091371598287,True,0.0,false_positive,0.7791091371598287,0.7791091371598287
TOX28711,O=C(N[C@H]1N=C(c2ccccc2F)c2cccc3c2N(CC3)C1=O)c1cc2ccccc2[nH]1,SR-ATAD5,0.0,0.0,1,0.991142766843386,True,0.0,false_positive,0.991142766843386,0.991142766843386
TOX24623,C=CC(=O)OCCCCO,SR-ATAD5,0.0,0.0,1,0.7687809075893633,True,0.0,false_positive,0.7687809075893633,0.7687809075893633
TOX27242,COc1ccc(N)cc1N,SR-ATAD5,0.0,0.0,1,0.5895715441259148,True,0.0,false_positive,0.5895715441259148,0.5895715441259148
TOX469,O=C1c2ccccc2CN2C(=O)c3ccccc3CN12,SR-ATAD5,0.0,0.0,1,0.6800920828398737,True,0.0,false_positive,0.6800920828398737,0.6800920828398737
TOX29069,O=C1c2ccccc2C(=O)c2cc(Cl)ccc21,SR-ATAD5,0.0,0.0,1,0.9032811235428148,True,0.0,false_positive,0.9032811235428148,0.9032811235428148
TOX1289,C=C(Cl)CSC(=S)N(CC)CC,SR-ATAD5,0.0,0.0,1,0.8697677744313644,True,0.0,false_positive,0.8697677744313644,0.8697677744313644
TOX21852,O=C(NC(O)C(Cl)(Cl)Cl)NC(O)C(Cl)(Cl)Cl,SR-ATAD5,0.0,0.0,1,0.5665355863508296,True,0.0,false_positive,0.5665355863508296,0.5665355863508296
TOX12600,O=C(O)C1(C(=O)Nc2ccc(Cl)cc2Cl)CC1,SR-ATAD5,1.0,1.0,0,0.007827258053073332,True,0.0,false_negative,0.9921727419469266,0.9921727419469266
TOX4488,Cc1ccc(O)c(N)c1,SR-ATAD5,1.0,1.0,0,0.008332187403439299,True,0.0,false_negative,0.9916678125965607,0.9916678125965607
TOX27383,O=C([O-])c1ccc2c(c1)nc(C(=O)NC1CCN(C3CC3)CC1)n2Cc1cc(-c2ccc(Cl)s2)on1,SR-ATAD5,0.0,0.0,1,0.8428123684089238,True,0.0,false_positive,0.8428123684089238,0.8428123684089238
TOX2801,Oc1c(Cl)cc(Cl)c2cccnc12,SR-ATAD5,1.0,1.0,0,0.20880857910870465,True,0.0,false_negative,0.7911914208912953,0.7911914208912953
TOX3094,C#C[C@]1(O)CC[C@H]2[C@@H]3CCC4=CC(=O)CCC4=C3C=C[C@@]21CC,SR-ATAD5,1.0,1.0,0,0.0005744355440611156,True,0.0,false_negative,0.9994255644559389,0.9994255644559389
TOX21977,CC(C)OC(=O)C(C)N(C(=O)c1ccccc1)c1ccc(F)c(Cl)c1,SR-ATAD5,0.0,0.0,1,0.9700530936297532,True,0.0,false_positive,0.9700530936297532,0.9700530936297532
TOX22369,CCN(CC)c1ccc2c(-c3ccccc3C(=O)O)c3ccc(N(CC)CC)cc3[o+]c2c1,SR-ATAD5,0.0,0.0,1,0.67312834556789,True,0.0,false_positive,0.67312834556789,0.67312834556789
TOX4855,COc1cc(N)ccc1C,SR-ATAD5,0.0,0.0,1,0.6064384479558146,True,0.0,false_positive,0.6064384479558146,0.6064384479558146
TOX3638,COc1cc([C@@H]2c3cc4c(cc3C(O[C@@H]3O[C@@H]5COC(c6cccs6)O[C@H]5[C@H](O)[C@H]3O)C3COC(=O)[C@@H]32)OCO4)cc(OC)c1O,SR-ATAD5,0.0,0.0,1,0.9967727256835912,True,0.0,false_positive,0.9967727256835912,0.9967727256835912
TOX20404,CC1=C(/C=C/C(C)=C\C=C/C(C)=C/C(=O)O)C(C)(C)CCC1,SR-ATAD5,0.0,0.0,1,0.9463416000720533,True,0.0,false_positive,0.9463416000720533,0.9463416000720533
TOX26017,CCC(COC(=O)c1cc(OC)c(OC)c(OC)c1)(c1ccccc1)N(C)C,SR-ATAD5,0.0,0.0,1,0.7527880771480434,True,0.0,false_positive,0.7527880771480434,0.7527880771480434
TOX28576,Cc1nc(-c2ccc(OCC(C)C)c(C#N)c2)sc1C(=O)O,SR-ATAD5,1.0,1.0,0,0.0018574470860033714,True,0.0,false_negative,0.9981425529139967,0.9981425529139967
TOX28621,c1ccc(CCNc2nc(-c3ccccc3)cs2)cc1,SR-ATAD5,1.0,1.0,0,0.20571418471124056,True,0.0,false_negative,0.7942858152887594,0.7942858152887594
TOX26155,O=C1C[N+]([O-])=C(c2ccccc2)c2cc(Cl)ccc2N1,SR-ATAD5,0.0,0.0,1,0.731395763248357,True,0.0,false_positive,0.731395763248357,0.731395763248357
TOX3951,CC1=C(C(=O)Nc2ccccc2)SCCO1,SR-ATAD5,1.0,1.0,0,0.0004639482254892129,True,0.0,false_negative,0.9995360517745108,0.9995360517745108
TOX26308,OB(O)O[Hg]c1ccccc1,SR-ATAD5,1.0,1.0,0,0.26465682120080863,True,0.0,false_negative,0.7353431787991913,0.7353431787991913
TOX24776,C=CC(=O)OCCC#N,SR-ATAD5,0.0,0.0,1,0.589727116064915,True,0.0,false_positive,0.589727116064915,0.589727116064915
TOX7584,c1ccc2sc(SN(C3CCCCC3)C3CCCCC3)nc2c1,SR-HSE,0.0,0.0,1,0.994122852531871,True,0.0,false_positive,0.994122852531871,0.994122852531871
TOX27949,Cc1cc(C(C)(C)c2cc(C)c(O)c(C)c2)cc(C)c1O,SR-HSE,0.0,0.0,1,0.9626118880952799,True,0.0,false_positive,0.9626118880952799,0.9626118880952799
TOX4783,C=CC(=O)OCCCl,SR-HSE,0.0,0.0,1,0.5283635259268844,True,0.0,false_positive,0.5283635259268844,0.5283635259268844
TOX11980,Oc1ccc(/C=C/c2cc(O)cc(O)c2)cc1,SR-HSE,0.0,0.0,1,0.654399621722942,True,0.0,false_positive,0.654399621722942,0.654399621722942
TOX7282,ClP(Cl)c1ccccc1,SR-HSE,0.0,0.0,1,0.9204736735454913,True,0.0,false_positive,0.9204736735454913,0.9204736735454913
TOX6339,Cc1c(C)c2c(c(C)c1O)CC[C@@](C)(CCC[C@H](C)CCC[C@H](C)CCCC(C)C)O2,SR-HSE,0.0,0.0,1,0.6450576780987608,True,0.0,false_positive,0.6450576780987608,0.6450576780987608
TOX7304,C[Sn](C)(Cl)Cl,SR-HSE,1.0,1.0,0,0.4647242274523882,True,0.0,false_negative,0.5352757725476118,0.5352757725476118
TOX14192,C[C@]12C=CC3=C4CCC(=O)C=C4CC[C@H]3[C@@H]1CC[C@@H]2O,SR-HSE,0.0,0.0,1,0.5109213228397191,True,0.0,false_positive,0.5109213228397191,0.5109213228397191
TOX27142,CC1=C(C=O)C(C)(C)CCC1,SR-HSE,0.0,0.0,1,0.7400242517533325,True,0.0,false_positive,0.7400242517533325,0.7400242517533325
TOX4359,Oc1cc(Cl)c(Cl)cc1Cl,SR-HSE,0.0,0.0,1,0.641303420220672,True,0.0,false_positive,0.641303420220672,0.641303420220672
TOX3688,CC1(C)O[C@@H]2CO[C@@]3(COS(N)(=O)=O)OC(C)(C)O[C@H]3[C@@H]2O1,SR-HSE,0.0,0.0,1,0.9535465103635767,True,0.0,false_positive,0.9535465103635767,0.9535465103635767
TOX20134,CC[C@]12CCCN3CCc4c(n(c5ccccc45)[C@@](O)(C(=O)OC)C1)[C@@H]32,SR-HSE,0.0,0.0,1,0.7507746561907016,True,0.0,false_positive,0.7507746561907016,0.7507746561907016
TOX5012,C=C(Cl)CCl,SR-HSE,0.0,0.0,1,0.7570578236033099,True,0.0,false_positive,0.7570578236033099,0.7570578236033099
TOX3051,CC(C)=CCC1C(=O)N(c2ccccc2)N(c2ccccc2)C1=O,SR-HSE,1.0,1.0,0,0.1749239095010263,True,0.0,false_negative,0.8250760904989737,0.8250760904989737
TOX27628,C1CCC(SSC2CCCCC2)CC1,SR-HSE,0.0,0.0,1,0.9332267344802623,True,0.0,false_positive,0.9332267344802623,0.9332267344802623
TOX6933,CCCCCCCC/C=C\CCCCCCCCN,SR-HSE,0.0,0.0,1,0.9705395395460437,True,0.0,false_positive,0.9705395395460437,0.9705395395460437
TOX24798,CC(C)CP(=S)([S-])CC(C)C,SR-HSE,1.0,1.0,0,0.020736682846677103,True,0.0,false_negative,0.9792633171533229,0.9792633171533229
TOX25572,CC1(C)[C@@H](OC(=O)CCC(=O)[O-])CC[C@@]2(C)[C@H]1CC[C@]1(C)[C@@H]2C(=O)C=C2[C@@H]3C[C@@](C)(C(=O)[O-])CC[C@]3(C)CC[C@]21C,SR-HSE,0.0,0.0,1,0.9581057367887017,True,0.0,false_positive,0.9581057367887017,0.9581057367887017
TOX28760,COc1ccc2c(C(=S)N(C)CC(=O)O)cccc2c1C(F)(F)F,SR-HSE,0.0,0.0,1,0.8859594102962793,True,0.0,false_positive,0.8859594102962793,0.8859594102962793
TOX2292,CC1(C)C(C=C(Cl)Cl)C1C(=O)OCc1cccc(Oc2ccccc2)c1,SR-HSE,0.0,0.0,1,0.7991219579727064,True,0.0,false_positive,0.7991219579727064,0.7991219579727064
TOX25228,CCCCCN(CCCCC)C(=O)C(CCC(=O)[O-])NC(=O)c1ccc(Cl)c(Cl)c1,SR-HSE,1.0,1.0,0,0.00040015277996644194,True,0.0,false_negative,0.9995998472200336,0.9995998472200336
TOX18939,NS(=O)(=O)C(F)(F)C(F)(F)C(F)(F)C(F)(F)C(F)(F)C(F)(F)C(F)(F)C(F)(F)F,SR-HSE,1.0,1.0,0,0.02261976991628472,True,0.0,false_negative,0.9773802300837153,0.9773802300837153
TOX401,Nc1ccc(O)c(N)c1,SR-HSE,0.0,0.0,1,0.872213483896109,True,0.0,false_positive,0.872213483896109,0.872213483896109
TOX985,O=[N+]([O-])c1cccc2cccnc12,SR-HSE,0.0,0.0,1,0.5916952869266375,True,0.0,false_positive,0.5916952869266375,0.5916952869266375
TOX2160,Oc1ccc(/N=N/c2ccccc2)cc1,SR-HSE,0.0,0.0,1,0.5674836673721944,True,0.0,false_positive,0.5674836673721944,0.5674836673721944
TOX425,O=C1C(Cl)=C(Cl)C(=O)c2ccccc21,SR-HSE,1.0,1.0,0,0.36763304691443977,True,0.0,false_negative,0.6323669530855602,0.6323669530855602
TOX820,Cn1cc[nH]c1=S,SR-HSE,1.0,1.0,0,0.1304535478443779,True,0.0,false_negative,0.8695464521556221,0.8695464521556221
TOX1106,Oc1c(Cl)c(Cl)c(Cl)c(Cl)c1Cl,SR-HSE,0.0,0.0,1,0.9198560272584887,True,0.0,false_positive,0.9198560272584887,0.9198560272584887
TOX27104,CCCC/C=C/C=C\C=O,SR-HSE,0.0,0.0,1,0.8509861504819121,True,0.0,false_positive,0.8509861504819121,0.8509861504819121
TOX6208,Oc1cc(Cl)cc(Cl)c1Cl,SR-HSE,0.0,0.0,1,0.8182876812219335,True,0.0,false_positive,0.8182876812219335,0.8182876812219335
TOX7103,C=C(C)C(=O)OCCCCCCCCCCCC,SR-HSE,0.0,0.0,1,0.5682339762701841,True,0.0,false_positive,0.5682339762701841,0.5682339762701841
TOX20114,C=CC(=O)NC(C)(C)C,SR-HSE,0.0,0.0,1,0.6141635455216161,True,0.0,false_positive,0.6141635455216161,0.6141635455216161
TOX2526,O=C(OCc1ccccc1)c1ccc(O)cc1,SR-HSE,1.0,1.0,0,0.14495175329029372,True,0.0,false_negative,0.8550482467097063,0.8550482467097063
TOX28846,CC[C@H](OC(C)=O)C(C[C@@H](C)NC)(c1ccccc1)c1ccccc1,SR-HSE,0.0,0.0,1,0.5660982016297808,True,0.0,false_positive,0.5660982016297808,0.5660982016297808
TOX3470,O=C(O)c1ccccc1C(=O)Nc1ccc(S(=O)(=O)Nc2nccs2)cc1,SR-HSE,0.0,0.0,1,0.987827644394654,True,0.0,false_positive,0.987827644394654,0.987827644394654
TOX14531,CCOC(=O)NC(=S)Nc1ccccc1NC(=S)NC(=O)OCC,SR-HSE,0.0,0.0,1,0.6031195992146938,True,0.0,false_positive,0.6031195992146938,0.6031195992146938
TOX28575,COC(=O)C1=C(C)NC(C)=C(C(=O)OCC(C)=O)C1c1ccccc1[N+](=O)[O-],SR-HSE,0.0,0.0,1,0.9330683041295166,True,0.0,false_positive,0.9330683041295166,0.9330683041295166
TOX4922,NCCCCCCN,SR-HSE,0.0,0.0,1,0.6888717700977118,True,0.0,false_positive,0.6888717700977118,0.6888717700977118
TOX2315,C[C@H]1CCC[C@H](O)CCCCCc2cc(O)cc(O)c2C(=O)O1,SR-HSE,1.0,1.0,0,0.15643182017446156,True,0.0,false_negative,0.8435681798255384,0.8435681798255384
TOX26903,N=C(N)NN=C(C=Cc1ccc([N+](=O)[O-])o1)C=Cc1ccc([N+](=O)[O-])o1,SR-HSE,1.0,1.0,0,0.013987758351718631,True,0.0,false_negative,0.9860122416482814,0.9860122416482814
TOX15305,CCCC/C=C/CCCCO,SR-HSE,0.0,0.0,1,0.6537510477979638,True,0.0,false_positive,0.6537510477979638,0.6537510477979638
TOX29374,c1ccc2c(c1)CCc1ccccc1N2,SR-HSE,0.0,0.0,1,0.5859245445476168,True,0.0,false_positive,0.5859245445476168,0.5859245445476168
TOX25655,O=C(O)CN1C(=O)c2cccc3cccc(c23)C1=O,SR-HSE,0.0,0.0,1,0.7079327602692917,True,0.0,false_positive,0.7079327602692917,0.7079327602692917
TOX25497,O=C(OCC(O)CO)c1ccccc1Nc1ccnc2cc(Cl)ccc12,SR-HSE,1.0,1.0,0,0.002194047741931276,True,0.0,false_negative,0.9978059522580687,0.9978059522580687
TOX14282,O=C(O)COc1ccc(Cl)cc1,SR-HSE,0.0,0.0,1,0.6462152697233511,True,0.0,false_positive,0.6462152697233511,0.6462152697233511
TOX160,Cc1c(COC(=O)C2C(/C=C(\Cl)C(F)(F)F)C2(C)C)cccc1-c1ccccc1,SR-HSE,0.0,0.0,1,0.8400617644099077,True,0.0,false_positive,0.8400617644099077,0.8400617644099077
TOX14181,O=C(c1ccc(OCCN2CCCCC2)cc1)c1c(-c2ccc(O)cc2)sc2cc(O)ccc12,SR-HSE,1.0,1.0,0,0.14384951713539182,True,0.0,false_negative,0.8561504828646082,0.8561504828646082
TOX26101,Cc1cc(O)c2c3c4c(cc(O)c13)C(C)(C)C(=O)c1c(O)cc(O)c(c1-4)C2=O,SR-HSE,0.0,0.0,1,0.9754665863527834,True,0.0,false_positive,0.9754665863527834,0.9754665863527834
TOX24547,CCCCCCCC1CCCC1=O,SR-HSE,0.0,0.0,1,0.6675792793466498,True,0.0,false_positive,0.6675792793466498,0.6675792793466498
TOX956,O=[N+]([O-])c1cc([As](=O)(O)O)ccc1O,SR-HSE,0.0,0.0,1,0.5458087263679635,True,0.0,false_positive,0.5458087263679635,0.5458087263679635
TOX18922,CC(C)(c1cc(Br)c(OCCO)c(Br)c1)c1cc(Br)c(OCCO)c(Br)c1,SR-HSE,1.0,1.0,0,0.4983856078192786,True,0.0,false_negative,0.5016143921807215,0.5016143921807215
TOX27189,CCCCCCCCCCOC(C)=O,SR-HSE,0.0,0.0,1,0.5958178778738359,True,0.0,false_positive,0.5958178778738359,0.5958178778738359
TOX27174,CCCCOCCOC(=O)c1ccccc1C(=O)OCCOCCCC,SR-HSE,1.0,1.0,0,0.08109740561705633,True,0.0,false_negative,0.9189025943829436,0.9189025943829436
TOX31502,COC(=O)Nc1nc2cc(C(=O)C3CC3)ccc2[nH]1,SR-HSE,0.0,0.0,1,0.6463613123603718,True,0.0,false_positive,0.6463613123603718,0.6463613123603718
TOX21506,Oc1ccc(Cl)cc1C1CCCC1,SR-HSE,0.0,0.0,1,0.9141432469242469,True,0.0,false_positive,0.9141432469242469,0.9141432469242469
TOX12533,CCOCn1c(-c2ccc(Cl)cc2)c(C#N)c(Br)c1C(F)(F)F,SR-HSE,1.0,1.0,0,0.01298917973788283,True,0.0,false_negative,0.9870108202621172,0.9870108202621172
TOX26721,COC(=O)[C@H]1[C@H]2C[C@@H]3c4[nH]c5cc(OC)ccc5c4CCN3C[C@H]2C[C@@H](OC(=O)COc2ccc(OC)cc2)[C@@H]1OC,SR-HSE,0.0,0.0,1,0.5952846041204519,True,0.0,false_positive,0.5952846041204519,0.5952846041204519
TOX24836,O=C(c1ccc(O)cc1)c1ccc(O)cc1O,SR-HSE,0.0,0.0,1,0.6213899296564662,True,0.0,false_positive,0.6213899296564662,0.6213899296564662
TOX3740,CCOC(=O)C1=C[C@]2(CC)CCCN3CCc4c(n1c1ccccc41)[C@@H]32,SR-HSE,0.0,0.0,1,0.5528182025294672,True,0.0,false_positive,0.5528182025294672,0.5528182025294672
TOX24604,C=COCC1CCC(COC=C)CC1,SR-HSE,0.0,0.0,1,0.5578159233967638,True,0.0,false_positive,0.5578159233967638,0.5578159233967638
TOX12581,CCC(C)(NC(=O)c1cc(Cl)c(C)c(Cl)c1)C(=O)CCl,SR-HSE,1.0,1.0,0,0.015232904993511966,True,0.0,false_negative,0.9847670950064881,0.9847670950064881
TOX28745,CC(=O)OCC(=O)Nc1cc(C#N)cc(NC(=O)COC(C)=O)c1Cl,SR-HSE,0.0,0.0,1,0.5820367678034948,True,0.0,false_positive,0.5820367678034948,0.5820367678034948
TOX491,CN(C)c1ccc(N=Nc2ccccc2)cc1,SR-HSE,0.0,0.0,1,0.5564695450600445,True,0.0,false_positive,0.5564695450600445,0.5564695450600445
TOX28869,C=CC(=O)Nc1cc2c(Nc3ccc(F)c(Cl)c3)ncnc2cc1OCCCN1CCOCC1,SR-HSE,1.0,1.0,0,0.006838705267111157,True,0.0,false_negative,0.9931612947328888,0.9931612947328888
TOX18808,C=C[Si]1(C)O[Si](C)(C=C)O[Si](C)(C=C)O[Si](C)(C=C)O1,SR-HSE,1.0,1.0,0,0.033101916578877,True,0.0,false_negative,0.966898083421123,0.966898083421123
TOX5406,C=C(C)C(=O)OCCCCCC,SR-HSE,0.0,0.0,1,0.5682339762701841,True,0.0,false_positive,0.5682339762701841,0.5682339762701841
TOX1199,CCCCN(CC)C(=O)SCCC,SR-HSE,0.0,0.0,1,0.7273688156549569,True,0.0,false_positive,0.7273688156549569,0.7273688156549569
TOX26235,Cc1ccc2c(Br)cc(Br)c(O)c2n1,SR-HSE,1.0,1.0,0,0.46582634623341557,True,0.0,false_negative,0.5341736537665844,0.5341736537665844
TOX3179,COC(=O)C1=C(C)NC(C)=C(C(=O)OC(C)C)C1c1cccc2nonc12,SR-HSE,0.0,0.0,1,0.9053394177326765,True,0.0,false_positive,0.9053394177326765,0.9053394177326765
TOX5013,Clc1nc2ccccc2nc1Cl,SR-HSE,0.0,0.0,1,0.6236791070900344,True,0.0,false_positive,0.6236791070900344,0.6236791070900344
TOX27199,CCCc1ccc(O)c(OC)c1,SR-HSE,0.0,0.0,1,0.6807303313995365,True,0.0,false_positive,0.6807303313995365,0.6807303313995365
TOX31414,CC(C)=CCC/C(C)=C/CC/C(C)=C/C(=O)OCC(=O)[C@@]1(O)CC[C@H]2[C@@H]3CCC4=CC(=O)C=C[C@]4(C)[C@H]3[C@@H](O)C[C@@]21C,SR-HSE,0.0,0.0,1,0.5410746959209763,True,0.0,false_positive,0.5410746959209763,0.5410746959209763
TOX7997,C=CCN(CC=C)C(=O)C(Cl)Cl,SR-HSE,0.0,0.0,1,0.5255351653176262,True,0.0,false_positive,0.5255351653176262,0.5255351653176262
TOX24504,O=[N+]([O-])O[Cd]O[N+](=O)[O-],SR-HSE,1.0,1.0,0,0.026910667243482067,True,0.0,false_negative,0.973089332756518,0.973089332756518
TOX24624,C=CC(=O)OCCCCCCCC,SR-HSE,0.0,0.0,1,0.7406935253510135,True,0.0,false_positive,0.7406935253510135,0.7406935253510135
TOX25513,CC(=O)SC[C@@H](Cc1ccccc1)C(=O)NCC(=O)OCc1ccccc1,SR-HSE,0.0,0.0,1,0.7844741508570822,True,0.0,false_positive,0.7844741508570822,0.7844741508570822
TOX4930,Cc1ccc(N)c(N)c1,SR-HSE,1.0,1.0,0,0.03491386086421477,True,0.0,false_negative,0.9650861391357852,0.9650861391357852
TOX2364,C[C@]12CC[C@H]3[C@@H](CC[C@H]4CC(=O)CC[C@@]43C)[C@@H]1CC[C@@H]2O,SR-HSE,0.0,0.0,1,0.6638312827079211,True,0.0,false_positive,0.6638312827079211,0.6638312827079211
TOX24137,CN1[C@H]2CC[C@@H]1CC(OC(=O)c1c[nH]c3ccccc13)C2,SR-HSE,0.0,0.0,1,0.8604025453327604,True,0.0,false_positive,0.8604025453327604,0.8604025453327604
TOX24429,O=C(Cl)c1cc(C(=O)Cl)cc(C(=O)Cl)c1,SR-HSE,1.0,1.0,0,0.12760278980087086,True,0.0,false_negative,0.8723972101991291,0.8723972101991291
TOX21234,N#CCCCC(C#N)CCC#N,SR-HSE,0.0,0.0,1,0.5094729105237846,True,0.0,false_positive,0.5094729105237846,0.5094729105237846
TOX399,Nc1ccc(/N=N/c2ccc(N)cc2)cc1,SR-HSE,0.0,0.0,1,0.6842360509918923,True,0.0,false_positive,0.6842360509918923,0.6842360509918923
TOX24904,Cc1cc(C(=C2C=CC(=Nc3ccc(S(=O)(=O)[O-])cc3S(=O)(=O)O)C=C2)c2ccc(Nc3ccc(S(=O)(=O)[O-])cc3)cc2)ccc1N,SR-HSE,0.0,0.0,1,0.532672120812539,True,0.0,false_positive,0.532672120812539,0.532672120812539
TOX26274,CC(O)C(=O)O.CCOc1ccc2nc3cc(N)ccc3c(N)c2c1,SR-HSE,1.0,1.0,0,0.0003017902390164392,True,0.0,false_negative,0.9996982097609836,0.9996982097609836
TOX2420,NCCc1ccc(O)c(O)c1,SR-HSE,0.0,0.0,1,0.6693616255463251,True,0.0,false_positive,0.6693616255463251,0.6693616255463251
TOX21141,CO[C@H]1[C@H]([C@]2(C)O[C@@H]2CC=C(C)C)[C@]2(CC[C@H]1OC(=O)NC(=O)CCl)CO2,SR-HSE,1.0,1.0,0,0.2974325986839341,True,0.0,false_negative,0.7025674013160659,0.7025674013160659
TOX1916,CCCCCC(C)=O,SR-HSE,1.0,1.0,0,0.007015151505397145,True,0.0,false_negative,0.9929848484946029,0.9929848484946029
TOX15206,C=CCSSCC=C,SR-HSE,0.0,0.0,1,0.6391472392036879,True,0.0,false_positive,0.6391472392036879,0.6391472392036879
TOX27123,CCCCCCCCCOC(C)=O,SR-HSE,0.0,0.0,1,0.5958178778738359,True,0.0,false_positive,0.5958178778738359,0.5958178778738359
TOX31631,COC(=O)c1cc(Cl)ccc1NS(=O)(=O)C(F)(F)F,SR-HSE,0.0,0.0,1,0.8360354830130965,True,0.0,false_positive,0.8360354830130965,0.8360354830130965
TOX2573,Oc1ncnc2[nH]ncc12,SR-HSE,0.0,0.0,1,0.9045292438961584,True,0.0,false_positive,0.9045292438961584,0.9045292438961584
TOX24950,O=C(c1cc(O)c(O)c(O)c1)c1ccc(O)c(O)c1O,SR-HSE,0.0,0.0,1,0.758851001409711,True,0.0,false_positive,0.758851001409711,0.758851001409711
TOX29091,CCn1cc[n+](C)c1C.O=S(=O)([N-]S(=O)(=O)C(F)(F)F)C(F)(F)F,SR-HSE,0.0,0.0,1,0.6699997569527649,True,0.0,false_positive,0.6699997569527649,0.6699997569527649
TOX21803,[Cu]I,SR-HSE,1.0,1.0,0,0.08778920255598056,True,0.0,false_negative,0.9122107974440194,0.9122107974440194
TOX699,CCCCCCc1ccc(O)cc1O,SR-HSE,0.0,0.0,1,0.9200244085341869,True,0.0,false_positive,0.9200244085341869,0.9200244085341869
TOX27725,c1ccc2c(c1)sc1ccccc12,SR-HSE,0.0,0.0,1,0.9331186365719984,True,0.0,false_positive,0.9331186365719984,0.9331186365719984
TOX27410,C=CC(C)(CCC=C(C)C)OC(=O)C=Cc1ccccc1,SR-HSE,1.0,1.0,0,0.05300916961272181,True,0.0,false_negative,0.9469908303872782,0.9469908303872782
TOX3587,O=C1NC(=O)[C@@]2(CCOc3ccc(F)cc32)N1,SR-HSE,0.0,0.0,1,0.8810108480652703,True,0.0,false_positive,0.8810108480652703,0.8810108480652703
TOX15783,COC(C)(C)CCC[C@H](C)C/C=C/C(C)=C/C(=O)OC(C)C,SR-HSE,1.0,1.0,0,0.39581133260495144,True,0.0,false_negative,0.6041886673950485,0.6041886673950485
TOX4259,CCOP(=S)(OCC)SCn1c(=O)oc2cc(Cl)ccc21,SR-HSE,1.0,1.0,0,0.02735635694311579,True,0.0,false_negative,0.9726436430568842,0.9726436430568842
TOX3999,Nc1nc(N)nc(NC2CC2)n1,SR-HSE,0.0,0.0,1,0.6977356459301053,True,0.0,false_positive,0.6977356459301053,0.6977356459301053
TOX31018,Cc1cc(O)c(C)c(C)c1O,SR-HSE,0.0,0.0,1,0.8356938592804628,True,0.0,false_positive,0.8356938592804628,0.8356938592804628
TOX28170,CCCCCCOc1ccc(O)cc1,SR-HSE,0.0,0.0,1,0.8469657943579644,True,0.0,false_positive,0.8469657943579644,0.8469657943579644
TOX27869,Oc1ccc(C2(c3ccc(O)cc3)CC3CC2C2CCCC32)cc1,SR-HSE,1.0,1.0,0,0.02857694756789252,True,0.0,false_negative,0.9714230524321075,0.9714230524321075
TOX26561,NCc1ccccc1Sc1ccccc1CO,SR-HSE,0.0,0.0,1,0.5014242214168602,True,0.0,false_positive,0.5014242214168602,0.5014242214168602
TOX5637,Cc1c(C(=O)O)cccc1[N+](=O)[O-],SR-HSE,1.0,1.0,0,0.015288037055777364,True,0.0,false_negative,0.9847119629442226,0.9847119629442226
TOX27831,CC[C@]1(O)C[C@@H]2CN(CCc3c([nH]c4ccccc34)[C@@](C(=O)OC)(c3cc4c(cc3OC)N(C)[C@H]3[C@@](O)(C(=O)OC)[C@H](OC(C)=O)[C@]5(CC)C=CCN6CC[C@]43[C@@H]65)C2)C1,SR-HSE,1.0,1.0,0,0.004840694814225167,True,0.0,false_negative,0.9951593051857748,0.9951593051857748
TOX24940,C=CC(=O)OCC1CC2CC1C1CCC(COC(=O)C=C)C21,SR-HSE,1.0,1.0,0,0.014627905561542018,True,0.0,false_negative,0.985372094438458,0.985372094438458
TOX1778,O=C(Oc1ccccc1)c1ccccc1C(=O)Oc1ccccc1,SR-HSE,0.0,0.0,1,0.5361300936155393,True,0.0,false_positive,0.5361300936155393,0.5361300936155393
TOX26644,O=C([O-])COc1nn(Cc2ccccc2)c2ccccc12,SR-HSE,0.0,0.0,1,0.5233182430894,True,0.0,false_positive,0.5233182430894,0.5233182430894
TOX12374,O=c1sc2ccccc2c(O)c1C1CC(c2ccc(-c3ccc(Br)cc3)cc2)Cc2ccccc21,SR-HSE,1.0,1.0,0,0.1889887324852945,True,0.0,false_negative,0.8110112675147055,0.8110112675147055
TOX682,Clc1c(Cl)c(Cl)c(Cl)c(Cl)c1Cl,SR-HSE,0.0,0.0,1,0.5730552897701923,True,0.0,false_positive,0.5730552897701923,0.5730552897701923
TOX27242,COc1ccc(N)cc1N,SR-HSE,1.0,1.0,0,0.37625191919038425,True,0.0,false_negative,0.6237480808096157,0.6237480808096157
TOX26675,CS(=O)(=O)CCNCc1ccc(-c2ccc3ncnc(Nc4ccc(OCc5cccc(F)c5)c(Cl)c4)c3c2)o1,SR-HSE,1.0,1.0,0,0.030931105346410265,True,0.0,false_negative,0.9690688946535897,0.9690688946535897
TOX21367,N#CSc1ccc([N+](=O)[O-])cc1[N+](=O)[O-],SR-HSE,1.0,1.0,0,0.45765227958740395,True,0.0,false_negative,0.542347720412596,0.542347720412596
TOX12315,CCCCCCCCn1sc(Cl)c(Cl)c1=O,SR-HSE,1.0,1.0,0,0.042322913933213906,True,0.0,false_negative,0.9576770860667861,0.9576770860667861
TOX5006,Oc1cc(Cl)cc(Cl)c1,SR-HSE,0.0,0.0,1,0.505870400679593,True,0.0,false_positive,0.505870400679593,0.505870400679593
TOX24223,O=C1[C@H](CC[C@H](O)c2ccc(F)cc2)[C@@H](c2ccc(O)cc2)N1c1ccc(F)cc1,SR-HSE,0.0,0.0,1,0.748385742763072,True,0.0,false_positive,0.748385742763072,0.748385742763072
TOX14590,CSC1=N[C@@](C)(c2ccccc2)C(=O)N1Nc1ccccc1,SR-HSE,0.0,0.0,1,0.6205890185181775,True,0.0,false_positive,0.6205890185181775,0.6205890185181775
TOX9235,C=CCCCCCCCCCCC,SR-HSE,0.0,0.0,1,0.5134435738373601,True,0.0,false_positive,0.5134435738373601,0.5134435738373601
TOX288,Cc1cc(Cl)ccc1N,SR-HSE,1.0,1.0,0,0.35940303286880965,True,0.0,false_negative,0.6405969671311904,0.6405969671311904
TOX21206,c1csc(-c2ccc(-c3cccs3)s2)c1,SR-HSE,1.0,1.0,0,0.2605978707052382,True,0.0,false_negative,0.7394021292947618,0.7394021292947618
TOX28486,O=C(CCCCCCCCc1cccnc1)N1CCC(C=C(c2ccccc2)c2ccccc2)CC1,SR-HSE,1.0,1.0,0,0.4120934705205553,True,0.0,false_negative,0.5879065294794448,0.5879065294794448
TOX21047,CC(C)Cn1cnc2c(N)nc3ccccc3c21,SR-HSE,0.0,0.0,1,0.6364405345241021,True,0.0,false_positive,0.6364405345241021,0.6364405345241021
TOX28968,O=C(O)Cc1ccc(OCCNC[C@H](O)c2ccccc2)cc1,SR-HSE,1.0,1.0,0,0.023460252192195472,True,0.0,false_negative,0.9765397478078045,0.9765397478078045
TOX29162,Clc1nnc(Cl)c2ccccc12,SR-HSE,0.0,0.0,1,0.8030052401258203,True,0.0,false_positive,0.8030052401258203,0.8030052401258203
TOX27702,CSSc1ccoc1C,SR-HSE,0.0,0.0,1,0.9639687457256365,True,0.0,false_positive,0.9639687457256365,0.9639687457256365
TOX3973,CSc1ccc(Cl)cc1,SR-HSE,0.0,0.0,1,0.5172830091266969,True,0.0,false_positive,0.5172830091266969,0.5172830091266969
TOX24945,OCCSCSCCO,SR-HSE,0.0,0.0,1,0.6423490819092215,True,0.0,false_positive,0.6423490819092215,0.6423490819092215
TOX29268,Brc1c2ccccc2c(Br)c2ccccc12,SR-HSE,1.0,1.0,0,0.41176751098716946,True,0.0,false_negative,0.5882324890128305,0.5882324890128305
TOX5811,CCCCCCCC/C=C\CCCCCCCC(=O)OC,SR-HSE,0.0,0.0,1,0.6726902471052206,True,0.0,false_positive,0.6726902471052206,0.6726902471052206
TOX3998,CC1(C)C(C=C(Cl)Cl)C1C(=O)OC(C#N)c1cccc(Oc2ccccc2)c1,SR-HSE,0.0,0.0,1,0.5537921471166094,True,0.0,false_positive,0.5537921471166094,0.5537921471166094
TOX3155,Oc1c(I)cc(I)c2cccnc12,SR-HSE,0.0,0.0,1,0.9923890047860874,True,0.0,false_positive,0.9923890047860874,0.9923890047860874
TOX96,O=C([O-])C1O[Sb]2OC(=O)C(O2)C(C(=O)[O-])O[Sb]2OC(=O)C1O2,SR-HSE,1.0,1.0,0,0.015268506107316797,True,0.0,false_negative,0.9847314938926832,0.9847314938926832
TOX279,C=C(C)CCl,SR-HSE,0.0,0.0,1,0.5961382619864547,True,0.0,false_positive,0.5961382619864547,0.5961382619864547
TOX20404,CC1=C(/C=C/C(C)=C\C=C/C(C)=C/C(=O)O)C(C)(C)CCC1,SR-HSE,0.0,0.0,1,0.9938622448512868,True,0.0,false_positive,0.9938622448512868,0.9938622448512868
TOX6102,O=C1OC(=O)c2c(Cl)c(Cl)c(Cl)c(Cl)c21,SR-HSE,0.0,0.0,1,0.5269400117689861,True,0.0,false_positive,0.5269400117689861,0.5269400117689861
TOX25422,COc1cc(C)nc(-n2nc(C)cc2OC)n1,SR-HSE,1.0,1.0,0,0.001611037960074638,True,0.0,false_negative,0.9983889620399253,0.9983889620399253
TOX28621,c1ccc(CCNc2nc(-c3ccccc3)cs2)cc1,SR-HSE,0.0,0.0,1,0.5596288826001508,True,0.0,false_positive,0.5596288826001508,0.5596288826001508
TOX27243,CC1(C)[C@@H](O[C@H]2O[C@H](C(=O)O)[C@@H](O)[C@H](O)[C@H]2O[C@@H]2O[C@H](C(=O)[O-])[C@@H](O)[C@H](O)[C@H]2O)CC[C@@]2(C)[C@H]1CC[C@]1(C)[C@@H]2C(=O)C=C2[C@@H]3C[C@@](C)(C(=O)O)CC[C@]3(C)CC[C@]21C,SR-HSE,0.0,0.0,1,0.6723058384344368,True,0.0,false_positive,0.6723058384344368,0.6723058384344368
TOX27180,CC(C)CCCCCCCOC(=O)c1ccc(C(=O)OCCCCCCCC(C)C)c(C(=O)OCCCCCCCC(C)C)c1,SR-HSE,1.0,1.0,0,0.05348288325223876,True,0.0,false_negative,0.9465171167477613,0.9465171167477613
TOX1145,c1ccc(OCC2CO2)cc1,SR-HSE,0.0,0.0,1,0.8130772926680525,True,0.0,false_positive,0.8130772926680525,0.8130772926680525
TOX12551,O=[N+]([O-])c1cc(C(F)(F)F)c(Cl)c([N+](=O)[O-])c1Nc1ncc(C(F)(F)F)cc1Cl,SR-HSE,1.0,1.0,0,0.14889531351502944,True,0.0,false_negative,0.8511046864849705,0.8511046864849705
TOX2,CC=O,SR-MMP,1.0,1.0,0,0.004382706606621556,True,0.0,false_negative,0.9956172933933785,0.9956172933933785
TOX7584,c1ccc2sc(SN(C3CCCCC3)C3CCCCC3)nc2c1,SR-MMP,0.0,0.0,1,0.996168804566175,True,0.0,false_positive,0.996168804566175,0.996168804566175
TOX2089,CC(=O)Nc1cccc(O)c1,SR-MMP,0.0,0.0,1,0.8311678033344295,True,0.0,false_positive,0.8311678033344295,0.8311678033344295
TOX943,COc1ccc([N+](=O)[O-])cc1N,SR-MMP,0.0,0.0,1,0.6426447993232567,True,0.0,false_positive,0.6426447993232567,0.6426447993232567
TOX25693,Cc1cccc(C)c1Nc1ncccc1C(=O)O,SR-MMP,1.0,1.0,0,0.40564778290788595,True,0.0,false_negative,0.594352217092114,0.594352217092114
TOX3225,O=C1Nc2ccc(Cl)cc2C(c2ccccc2Cl)=NC1O,SR-MMP,0.0,0.0,1,0.8621353612271064,True,0.0,false_positive,0.8621353612271064,0.8621353612271064
TOX4320,Clc1cc(Cl)c(Cl)cc1Cl,SR-MMP,0.0,0.0,1,0.5980425427932199,True,0.0,false_positive,0.5980425427932199,0.5980425427932199
TOX26276,COc1ccc(S(=O)(=O)Nc2nnc(CC(C)C)s2)cc1,SR-MMP,0.0,0.0,1,0.8207320810257095,True,0.0,false_positive,0.8207320810257095,0.8207320810257095
TOX7304,C[Sn](C)(Cl)Cl,SR-MMP,0.0,0.0,1,0.6180341278565523,True,0.0,false_positive,0.6180341278565523,0.6180341278565523
TOX27142,CC1=C(C=O)C(C)(C)CCC1,SR-MMP,0.0,0.0,1,0.5357566519071166,True,0.0,false_positive,0.5357566519071166,0.5357566519071166
TOX23892,O=C(O)c1ccc2[nH]cc(CCCCN3CC=C(c4ccccc4)CC3)c2c1,SR-MMP,0.0,0.0,1,0.6365447229175493,True,0.0,false_positive,0.6365447229175493,0.6365447229175493
TOX4470,Nc1nc2c(Cl)cccc2s1,SR-MMP,1.0,1.0,0,0.4755389966595932,True,0.0,false_negative,0.5244610033404068,0.5244610033404068
TOX26778,C[C@]12O[C@H](C[C@]1(O)CO)n1c3ccccc3c3c4c(c5c6ccccc6n2c5c31)CNC4=O,SR-MMP,1.0,1.0,0,0.020432406204622246,True,0.0,false_negative,0.9795675937953777,0.9795675937953777
TOX2292,CC1(C)C(C=C(Cl)Cl)C1C(=O)OCc1cccc(Oc2ccccc2)c1,SR-MMP,0.0,0.0,1,0.7820048286818985,True,0.0,false_positive,0.7820048286818985,0.7820048286818985
TOX771,CC(C(=O)O)c1cccc(C(=O)c2ccccc2)c1,SR-MMP,0.0,0.0,1,0.8597289913081492,True,0.0,false_positive,0.8597289913081492,0.8597289913081492
TOX4454,CC(=O)Nc1cccc(N)c1,SR-MMP,0.0,0.0,1,0.5361827464545648,True,0.0,false_positive,0.5361827464545648,0.5361827464545648
TOX22559,COc1cc(-c2ccc(=O)[nH]n2)ccc1OC(F)F,SR-MMP,0.0,0.0,1,0.8730929103851182,True,0.0,false_positive,0.8730929103851182,0.8730929103851182
TOX18939,NS(=O)(=O)C(F)(F)C(F)(F)C(F)(F)C(F)(F)C(F)(F)C(F)(F)C(F)(F)C(F)(F)F,SR-MMP,1.0,1.0,0,0.017169112625581122,True,0.0,false_negative,0.9828308873744189,0.9828308873744189
TOX419,CCCC[Sn](CCCC)(OC(C)=O)OC(C)=O,SR-MMP,1.0,1.0,0,0.4415765073880001,True,0.0,false_negative,0.558423492612,0.558423492612
TOX29070,CCCC[n+]1ccccc1C,SR-MMP,0.0,0.0,1,0.6033563905398786,True,0.0,false_positive,0.6033563905398786,0.6033563905398786
TOX22477,Cc1cccc(N(C)C(=S)Oc2ccc3ccccc3c2)c1,SR-MMP,0.0,0.0,1,0.8455477288674547,True,0.0,false_positive,0.8455477288674547,0.8455477288674547
TOX12523,O=c1[nH]sc2ccccc12,SR-MMP,1.0,1.0,0,0.06364343105478804,True,0.0,false_negative,0.936356568945212,0.936356568945212
TOX28772,O=C1NC2CCCCN2C12CCN(CCCN1c3ccccc3CCc3ccc(Cl)cc31)CC2,SR-MMP,0.0,0.0,1,0.98519100709094,True,0.0,false_positive,0.98519100709094,0.98519100709094
TOX5635,CNc1ccc([N+](=O)[O-])cc1,SR-MMP,0.0,0.0,1,0.5566160491595191,True,0.0,false_positive,0.5566160491595191,0.5566160491595191
TOX27104,CCCC/C=C/C=C\C=O,SR-MMP,0.0,0.0,1,0.5984081284156304,True,0.0,false_positive,0.5984081284156304,0.5984081284156304
TOX1685,CC1=CC(=O)CC(C)(C)C1=O,SR-MMP,0.0,0.0,1,0.8194592801846113,True,0.0,false_positive,0.8194592801846113,0.8194592801846113
TOX26117,C[N+](C)(C)CCOC(=O)C(O)(c1ccccc1)c1ccccc1,SR-MMP,0.0,0.0,1,0.6572542358944847,True,0.0,false_positive,0.6572542358944847,0.6572542358944847
TOX27905,C[n+]1ccn(Cc2ccccc2)c1,SR-MMP,0.0,0.0,1,0.52586386396879,True,0.0,false_positive,0.52586386396879,0.52586386396879
TOX3470,O=C(O)c1ccccc1C(=O)Nc1ccc(S(=O)(=O)Nc2nccs2)cc1,SR-MMP,0.0,0.0,1,0.6018102244492033,True,0.0,false_positive,0.6018102244492033,0.6018102244492033
TOX22462,IC(I)=C(I)I,SR-MMP,1.0,1.0,0,0.13736856140782733,True,0.0,false_negative,0.8626314385921727,0.8626314385921727
TOX12424,CS(=O)(=O)c1ccc(C(=O)C2C(=O)CCCC2=O)c([N+](=O)[O-])c1,SR-MMP,1.0,1.0,0,0.22373782750885854,True,0.0,false_negative,0.7762621724911415,0.7762621724911415
TOX28575,COC(=O)C1=C(C)NC(C)=C(C(=O)OCC(C)=O)C1c1ccccc1[N+](=O)[O-],SR-MMP,1.0,1.0,0,0.08639862162521383,True,0.0,false_negative,0.9136013783747862,0.9136013783747862
TOX2047,CC(C)C1=CC2=CC[C@H]3[C@](C)(C(=O)O)CCC[C@]3(C)[C@H]2CC1,SR-MMP,0.0,0.0,1,0.9851282096411539,True,0.0,false_positive,0.9851282096411539,0.9851282096411539
TOX28495,CCCC[C@H]1CN(CC2CCOCC2)C(=O)OC12CCN(C1(C)CCN(C(=O)c3c(C)ncnc3C)CC1)CC2,SR-MMP,0.0,0.0,1,0.9768423202740126,True,0.0,false_positive,0.9768423202740126,0.9768423202740126
TOX3871,Cc1ccc(/N=C/N(C)/C=N/c2ccc(C)cc2C)c(C)c1,SR-MMP,1.0,1.0,0,0.020744616843294286,True,0.0,false_negative,0.9792553831567057,0.9792553831567057
TOX27832,OC(CCN1CCCCC1)(c1ccccc1)C1CC2C=CC1C2,SR-MMP,0.0,0.0,1,0.6004303032318193,True,0.0,false_positive,0.6004303032318193,0.6004303032318193
TOX26903,N=C(N)NN=C(C=Cc1ccc([N+](=O)[O-])o1)C=Cc1ccc([N+](=O)[O-])o1,SR-MMP,1.0,1.0,0,0.031514383261196016,True,0.0,false_negative,0.968485616738804,0.968485616738804
TOX27113,CC1(C)CCC[C@@]2(C)[C@H]1CC[C@@]1(C)OCC[C@H]21,SR-MMP,1.0,1.0,0,0.026625103561072304,True,0.0,false_negative,0.9733748964389277,0.9733748964389277
TOX25895,CC[C@@H](C(=O)[C@@H](C)[C@@H](O)[C@H](C)CCc1ccc(C)c(O)c1C(=O)[O-])[C@H]1O[C@](CC)([C@H]2CC[C@](O)(CC)[C@H](C)O2)C[C@@H]1C,SR-MMP,1.0,1.0,0,0.050006751643825315,True,0.0,false_negative,0.9499932483561747,0.9499932483561747
TOX29159,CN(C)c1ccc(/C=C/c2ccc([N+](=O)[O-])cc2)cc1,SR-MMP,0.0,0.0,1,0.8479129696713724,True,0.0,false_positive,0.8479129696713724,0.8479129696713724
TOX25655,O=C(O)CN1C(=O)c2cccc3cccc(c23)C1=O,SR-MMP,0.0,0.0,1,0.5850901427932805,True,0.0,false_positive,0.5850901427932805,0.5850901427932805
TOX28736,CC(C)(C)NC[C@H](O)c1ccc(O)cc1Cl,SR-MMP,0.0,0.0,1,0.9351689701316866,True,0.0,false_positive,0.9351689701316866,0.9351689701316866
TOX9267,CCO[Si](CCCCl)(OCC)OCC,SR-MMP,1.0,1.0,0,0.04333727146055708,True,0.0,false_negative,0.9566627285394429,0.9566627285394429
TOX12514,O=Cc1ccccc1C=O,SR-MMP,1.0,1.0,0,0.23617758931476737,True,0.0,false_negative,0.7638224106852326,0.7638224106852326
TOX21567,CCCCCC[C@@H](O)C/C=C\CCCCCCCC(=O)O,SR-MMP,0.0,0.0,1,0.6108444070677422,True,0.0,false_positive,0.6108444070677422,0.6108444070677422
TOX5143,Cc1cccc(O)c1C,SR-MMP,0.0,0.0,1,0.7919065694692892,True,0.0,false_positive,0.7919065694692892,0.7919065694692892
TOX27239,C=CC(C)(O)CC/C=C(/C)CCC=C(C)C,SR-MMP,0.0,0.0,1,0.7913441583326234,True,0.0,false_positive,0.7913441583326234,0.7913441583326234
TOX956,O=[N+]([O-])c1cc([As](=O)(O)O)ccc1O,SR-MMP,0.0,0.0,1,0.9180992041128828,True,0.0,false_positive,0.9180992041128828,0.9180992041128828
TOX855,COP(=S)(OC)Oc1ccc([N+](=O)[O-])cc1,SR-MMP,0.0,0.0,1,0.8234378092191295,True,0.0,false_positive,0.8234378092191295,0.8234378092191295
TOX984,O=[N+]([O-])c1ccc2ncccc2c1,SR-MMP,1.0,1.0,0,0.12134234001197386,True,0.0,false_negative,0.8786576599880261,0.8786576599880261
TOX3231,CCN(CC)C(=O)[C@@H]1C=C2c3cccc4[nH]cc(c34)C[C@H]2N(C)C1,SR-MMP,1.0,1.0,0,0.4567260373596044,True,0.0,false_negative,0.5432739626403956,0.5432739626403956
TOX20712,CC[Sn](Br)(CC)CC,SR-MMP,1.0,1.0,0,0.46380759229105145,True,0.0,false_negative,0.5361924077089486,0.5361924077089486
TOX18922,CC(C)(c1cc(Br)c(OCCO)c(Br)c1)c1cc(Br)c(OCCO)c(Br)c1,SR-MMP,1.0,1.0,0,0.19339285508291837,True,0.0,false_negative,0.8066071449170816,0.8066071449170816
TOX6647,O=C(O)c1ccc(O)cc1,SR-MMP,0.0,0.0,1,0.5629285102213081,True,0.0,false_positive,0.5629285102213081,0.5629285102213081
TOX3333,C[C@@H]1C[C@H]2[C@@H]3CCC4=CC(=O)C=C[C@]4(C)[C@@]3(Cl)[C@@H](O)C[C@]2(C)[C@@]1(OC(=O)c1ccco1)C(=O)CCl,SR-MMP,1.0,1.0,0,0.2831694895670758,True,0.0,false_negative,0.7168305104329242,0.7168305104329242
TOX17734,CCCCCCCCCCCCCCC(Br)C(=O)O,SR-MMP,1.0,1.0,0,0.3332577780107459,True,0.0,false_negative,0.666742221989254,0.666742221989254
TOX5633,Cc1ccc(N)cc1[N+](=O)[O-],SR-MMP,0.0,0.0,1,0.6147429348533344,True,0.0,false_positive,0.6147429348533344,0.6147429348533344
TOX12533,CCOCn1c(-c2ccc(Cl)cc2)c(C#N)c(Br)c1C(F)(F)F,SR-MMP,1.0,1.0,0,0.09835213068691895,True,0.0,false_negative,0.901647869313081,0.901647869313081
TOX26284,O=[N+]([O-])c1ccc(O)c2ncccc12,SR-MMP,1.0,1.0,0,0.3261725734636638,True,0.0,false_negative,0.6738274265363362,0.6738274265363362
TOX2685,CC[N+](C)(C)Cc1ccccc1Br,SR-MMP,0.0,0.0,1,0.7609661831093516,True,0.0,false_positive,0.7609661831093516,0.7609661831093516
TOX1256,O=C(O)c1cc(/N=N/c2ccc(S(=O)(=O)Nc3ccccn3)cc2)ccc1O,SR-MMP,0.0,0.0,1,0.7314485640016761,True,0.0,false_positive,0.7314485640016761,0.7314485640016761
TOX1869,Cc1ccc(O)cc1,SR-MMP,0.0,0.0,1,0.7723819246933183,True,0.0,false_positive,0.7723819246933183,0.7723819246933183
TOX26820,CCCCC/C=C\C/C=C\CCCCCCCC(=O)OCC,SR-MMP,0.0,0.0,1,0.7495034974872914,True,0.0,false_positive,0.7495034974872914,0.7495034974872914
TOX2366,C[C@]12CC[C@@H]3c4ccc(O)cc4CC[C@H]3[C@@H]1C[C@@H](O)[C@@H]2O,SR-MMP,0.0,0.0,1,0.9441294226449074,True,0.0,false_positive,0.9441294226449074,0.9441294226449074
TOX5830,BrC(Br)C(Br)(Br)Br,SR-MMP,0.0,0.0,1,0.5839917025121597,True,0.0,false_positive,0.5839917025121597,0.5839917025121597
TOX5538,S=C1NC=NC2N=CNC12,SR-MMP,1.0,1.0,0,0.10511904673491966,True,0.0,false_negative,0.8948809532650803,0.8948809532650803
TOX1087,O=C1Nc2ccc(Cl)cc2C(c2ccccc2)=NC1O,SR-MMP,0.0,0.0,1,0.7485011247256919,True,0.0,false_positive,0.7485011247256919,0.7485011247256919
TOX6625,CC1=CCC(C(C)(C)O)CC1,SR-MMP,0.0,0.0,1,0.5072318538891596,True,0.0,false_positive,0.5072318538891596,0.5072318538891596
TOX262,Nc1cc(Cl)cc(C(=O)O)c1Cl,SR-MMP,0.0,0.0,1,0.5690345256598665,True,0.0,false_positive,0.5690345256598665,0.5690345256598665
TOX27199,CCCc1ccc(O)c(OC)c1,SR-MMP,0.0,0.0,1,0.8107654438022578,True,0.0,false_positive,0.8107654438022578,0.8107654438022578
TOX3542,COc1ccc(CN(CCN(C)C)c2ccccn2)cc1,SR-MMP,1.0,1.0,0,0.011864526602935873,True,0.0,false_negative,0.9881354733970641,0.9881354733970641
TOX21873,CCNc1nc(NC(C)C(C)C)nc(SC)n1,SR-MMP,1.0,1.0,0,0.25884344815760935,True,0.0,false_negative,0.7411565518423906,0.7411565518423906
TOX3974,CS(=O)(=O)c1ccc(Cl)cc1,SR-MMP,0.0,0.0,1,0.5253585431212106,True,0.0,false_positive,0.5253585431212106,0.5253585431212106
TOX14042,CCCCCCCC[N+](CCCCCCCC)(CCCCCCCC)CCCCCCCC,SR-MMP,1.0,1.0,0,0.05763577648611567,True,0.0,false_negative,0.9423642235138844,0.9423642235138844
TOX24904,Cc1cc(C(=C2C=CC(=Nc3ccc(S(=O)(=O)[O-])cc3S(=O)(=O)O)C=C2)c2ccc(Nc3ccc(S(=O)(=O)[O-])cc3)cc2)ccc1N,SR-MMP,0.0,0.0,1,0.8478427081160085,True,0.0,false_positive,0.8478427081160085,0.8478427081160085
TOX27295,CN[C@H]1CC[C@@H](c2ccc(Cl)c(Cl)c2)c2ccc(S(N)(=O)=O)cc21,SR-MMP,1.0,1.0,0,0.04214614463886334,True,0.0,false_negative,0.9578538553611367,0.9578538553611367
TOX27330,CC(C)(O)c1cnn2c(-c3ccc(F)c(-c4c(F)cccc4C#N)c3)cnc2n1,SR-MMP,1.0,1.0,0,0.07815064607645611,True,0.0,false_negative,0.921849353923544,0.921849353923544
TOX3319,Clc1ccc(COC(Cn2ccnc2)c2ccc(Cl)cc2Cl)c(Cl)c1,SR-MMP,0.0,0.0,1,0.6268711954364641,True,0.0,false_positive,0.6268711954364641,0.6268711954364641
TOX25961,CC(N)Cc1ccc(O)cc1,SR-MMP,0.0,0.0,1,0.7821259403778567,True,0.0,false_positive,0.7821259403778567,0.7821259403778567
TOX2405,COc1ccc(C(=O)c2ccccc2)c(O)c1,SR-MMP,0.0,0.0,1,0.7781255314805683,True,0.0,false_positive,0.7781255314805683,0.7781255314805683
TOX24888,CCCCC(CC)C(=O)[O-].CCCCC(CC)C(=O)[O-].[Ba+2],SR-MMP,1.0,1.0,0,0.027345972740245354,True,0.0,false_negative,0.9726540272597547,0.9726540272597547
TOX27351,COc1ccc2cc(S(=O)(=O)N[C@H](CC(=O)N[C@H](Cc3ccc(CN4[C@@H](C)CCC[C@H]4C)cc3)C(=O)N(C)C(C)C)c3ccc4c(c3)OCO4)ccc2c1,SR-MMP,1.0,1.0,0,0.0007970662597319301,True,0.0,false_negative,0.999202933740268,0.999202933740268
TOX27427,CCCCCC(CC)OC(=O)CCCOc1ccc(Cl)cc1Cl,SR-MMP,0.0,0.0,1,0.8969331569126272,True,0.0,false_positive,0.8969331569126272,0.8969331569126272
TOX25354,CN[C@H](CC(C)C)C(=O)N[C@H]1C(=O)N[C@@H](CC(N)=O)C(=O)N[C@H]2C(=O)N[C@H]3C(=O)N[C@H](C(=O)N[C@@H](C(=O)O)c4cc(O)cc(O)c4-c4cc3ccc4O)[C@H](O)c3ccc(c(Cl)c3)Oc3cc2cc(c3O[C@@H]2O[C@H](CO)[C@@H](O)[C@H](O)[C@H]2O[C@H]2C[C@](C)(N)C(O)[C@H](C)O2)Oc2ccc(cc2Cl)[C@H]1O,SR-MMP,0.0,0.0,1,0.9538334510951036,True,0.0,false_positive,0.9538334510951036,0.9538334510951036
TOX296,Nc1ccc(Cl)cc1,SR-MMP,0.0,0.0,1,0.5694393870161937,True,0.0,false_positive,0.5694393870161937,0.5694393870161937
TOX28969,CC(=O)O[C@H]1CC[C@@]2(C)C(=CC[C@H]3[C@@H]4CC=C(c5cccnc5)[C@@]4(C)CC[C@@H]32)C1,SR-MMP,0.0,0.0,1,0.8544174943988995,True,0.0,false_positive,0.8544174943988995,0.8544174943988995
TOX7239,Cc1cc([N+](=O)[O-])c(O)c([N+](=O)[O-])c1,SR-MMP,1.0,1.0,0,0.4423053189472952,True,0.0,false_negative,0.5576946810527048,0.5576946810527048
TOX16438,Cc1cc(-n2nc3ccc(Cl)cc3n2)c(O)c(C(C)(C)C)c1,SR-MMP,0.0,0.0,1,0.8874895045763515,True,0.0,false_positive,0.8874895045763515,0.8874895045763515
TOX779,C[C@H](CCC(=O)O)[C@H]1CC[C@H]2[C@@H]3CC[C@@H]4C[C@H](O)CC[C@]4(C)[C@H]3CC[C@@]21C,SR-MMP,1.0,1.0,0,0.009540200565655818,True,0.0,false_negative,0.9904597994343441,0.9904597994343441
TOX29078,CCCCCCCCCCCC[N+](C)(C)CCCS(=O)(=O)[O-],SR-MMP,0.0,0.0,1,0.7738560772809613,True,0.0,false_positive,0.7738560772809613,0.7738560772809613
TOX28155,CC(C)(C)c1ccc(N)cc1,SR-MMP,0.0,0.0,1,0.6613370155842548,True,0.0,false_positive,0.6613370155842548,0.6613370155842548
TOX25741,COP(=O)(OC)OC(c1ccc(Cl)cc1)P(=O)(OC)OC,SR-MMP,0.0,0.0,1,0.8679676550343237,True,0.0,false_positive,0.8679676550343237,0.8679676550343237
TOX27725,c1ccc2c(c1)sc1ccccc12,SR-MMP,0.0,0.0,1,0.8887525212502067,True,0.0,false_positive,0.8887525212502067,0.8887525212502067
TOX14776,COP(=S)(OC)Oc1c(Cl)cc(C)cc1Cl,SR-MMP,1.0,1.0,0,0.41620073992213097,True,0.0,false_negative,0.583799260077869,0.583799260077869
TOX4815,Cc1c(N)cccc1Cl,SR-MMP,0.0,0.0,1,0.6018921710808467,True,0.0,false_positive,0.6018921710808467,0.6018921710808467
TOX6240,CCC(=O)/C=C/C1C(C)=CCCC1(C)C,SR-MMP,0.0,0.0,1,0.9317954956433281,True,0.0,false_positive,0.9317954956433281,0.9317954956433281
TOX21743,Cc1ccccc1/N=N/c1ccc(/N=N/c2c(O)ccc3ccccc23)c(C)c1,SR-MMP,0.0,0.0,1,0.9528015966049189,True,0.0,false_positive,0.9528015966049189,0.9528015966049189
TOX26752,CC[C@@]1(O)C(=O)OCc2c1cc1n(c2=O)Cc2cc3c([N+](=O)[O-])cccc3nc2-1,SR-MMP,1.0,1.0,0,0.1257112330581319,True,0.0,false_negative,0.8742887669418681,0.8742887669418681
TOX26561,NCc1ccccc1Sc1ccccc1CO,SR-MMP,0.0,0.0,1,0.7527385644224166,True,0.0,false_positive,0.7527385644224166,0.7527385644224166
TOX3586,CC(C)=CCOc1ccc(/C=C/C(=O)c2ccc(OCC=C(C)C)cc2OCC(=O)O)cc1,SR-MMP,1.0,1.0,0,0.0010471993146260853,True,0.0,false_negative,0.998952800685374,0.998952800685374
TOX1679,CC(=O)C(Cl)(Cl)Cl,SR-MMP,1.0,1.0,0,0.028140212824747615,True,0.0,false_negative,0.9718597871752523,0.9718597871752523
TOX20363,CC(C)(C)C(O)/C(=C\c1ccc(Cl)cc1Cl)n1cncn1,SR-MMP,1.0,1.0,0,0.17176890058550565,True,0.0,false_negative,0.8282310994144944,0.8282310994144944
TOX27831,CC[C@]1(O)C[C@@H]2CN(CCc3c([nH]c4ccccc34)[C@@](C(=O)OC)(c3cc4c(cc3OC)N(C)[C@H]3[C@@](O)(C(=O)OC)[C@H](OC(C)=O)[C@]5(CC)C=CCN6CC[C@]43[C@@H]65)C2)C1,SR-MMP,1.0,1.0,0,0.13358890042689273,True,0.0,false_negative,0.8664110995731072,0.8664110995731072
TOX24591,CCCCN1C(=O)c2ccccc2C1=O,SR-MMP,0.0,0.0,1,0.5075174087467793,True,0.0,false_positive,0.5075174087467793,0.5075174087467793
TOX14722,Cc1c(C(=O)c2cnn(C)c2O)ccc(S(C)(=O)=O)c1C1=NOCC1,SR-MMP,0.0,0.0,1,0.8093605634551833,True,0.0,false_positive,0.8093605634551833,0.8093605634551833
TOX25973,Oc1ccc(Cl)c2cccnc12,SR-MMP,1.0,1.0,0,0.49892605900430603,True,0.0,false_negative,0.5010739409956939,0.5010739409956939
TOX7441,CCCCCCCCOc1ccc(C(=O)c2ccccc2)c(O)c1,SR-MMP,0.0,0.0,1,0.9685958333005298,True,0.0,false_positive,0.9685958333005298,0.9685958333005298
TOX28711,O=C(N[C@H]1N=C(c2ccccc2F)c2cccc3c2N(CC3)C1=O)c1cc2ccccc2[nH]1,SR-MMP,0.0,0.0,1,0.9903730808871611,True,0.0,false_positive,0.9903730808871611,0.9903730808871611
TOX9874,CC(C)OC(=O)C(C)(C)Oc1ccc(C(=O)c2ccc(Cl)cc2)cc1,SR-MMP,0.0,0.0,1,0.7746390106937263,True,0.0,false_positive,0.7746390106937263,0.7746390106937263
TOX6202,O=[N+]([O-])c1ccc(Cl)c(Cl)c1Cl,SR-MMP,0.0,0.0,1,0.5155793628998959,True,0.0,false_positive,0.5155793628998959,0.5155793628998959
TOX29069,O=C1c2ccccc2C(=O)c2cc(Cl)ccc21,SR-MMP,0.0,0.0,1,0.9882735797786305,True,0.0,false_positive,0.9882735797786305,0.9882735797786305
TOX28160,O=C(O)Cc1cc(I)c(Oc2cc(I)c(O)c(I)c2)c(I)c1,SR-MMP,1.0,1.0,0,0.25778554081389343,True,0.0,false_negative,0.7422144591861066,0.7422144591861066
TOX3005,C1CNCCN1.C[C@]12CC[C@@H]3c4ccc(OS(=O)(=O)O)cc4CC[C@H]3[C@@H]1CCC2=O,SR-MMP,0.0,0.0,1,0.775304641659723,True,0.0,false_positive,0.775304641659723,0.775304641659723
TOX24223,O=C1[C@H](CC[C@H](O)c2ccc(F)cc2)[C@@H](c2ccc(O)cc2)N1c1ccc(F)cc1,SR-MMP,1.0,1.0,0,0.40190815325860685,True,0.0,false_negative,0.5980918467413932,0.5980918467413932
TOX20127,Nc1cccc(N)n1,SR-MMP,1.0,1.0,0,0.16003521370997428,True,0.0,false_negative,0.8399647862900257,0.8399647862900257
TOX7429,OC1CCCCCCCCCCC1,SR-MMP,1.0,1.0,0,0.11863571515877412,True,0.0,false_negative,0.8813642848412259,0.8813642848412259
TOX29099,CC(=O)c1ccc2ccc3ccccc3c2c1,SR-MMP,1.0,1.0,0,0.17063828581855137,True,0.0,false_negative,0.8293617141814487,0.8293617141814487
TOX828,COc1ccc(O)cc1,SR-MMP,0.0,0.0,1,0.8369650139117204,True,0.0,false_positive,0.8369650139117204,0.8369650139117204
TOX12655,CC1(C)CCC(=Cc2ccc(Cl)cc2)C1(O)Cn1cncn1,SR-MMP,0.0,0.0,1,0.9792144224411496,True,0.0,false_positive,0.9792144224411496,0.9792144224411496
TOX4961,CCCCCCCCCCCC(=O)O[Sn](CCCC)(CCCC)OC(=O)CCCCCCCCCCC,SR-MMP,0.0,0.0,1,0.8862542239960246,True,0.0,false_positive,0.8862542239960246,0.8862542239960246
TOX28871,O=C(NOCC1CC1)c1ccc(F)c(F)c1Nc1ccc(I)cc1Cl,SR-MMP,1.0,1.0,0,0.42432666950482095,True,0.0,false_negative,0.5756733304951791,0.5756733304951791
TOX25762,CCc1cccc(N(C)C(=N)Nc2cccc3ccccc23)c1,SR-MMP,0.0,0.0,1,0.8003220538662343,True,0.0,false_positive,0.8003220538662343,0.8003220538662343
TOX288,Cc1cc(Cl)ccc1N,SR-MMP,0.0,0.0,1,0.666341044759905,True,0.0,false_positive,0.666341044759905,0.666341044759905
TOX3122,CN1C(=O)C(C)(C2=CCCCC2)C(=O)N=C1O,SR-MMP,0.0,0.0,1,0.9599305711701314,True,0.0,false_positive,0.9599305711701314,0.9599305711701314
TOX13923,CC12CC1(C)C(=O)N(c1cc(Cl)cc(Cl)c1)C2=O,SR-MMP,0.0,0.0,1,0.5673757732325085,True,0.0,false_positive,0.5673757732325085,0.5673757732325085
TOX22273,CC(C)c1ccc(O)c(C(C)C)c1,SR-MMP,1.0,1.0,0,0.45167312941198356,True,0.0,false_negative,0.5483268705880164,0.5483268705880164
TOX27385,COCCOc1cc2cc(C(=O)NC3CCN(C(C)C)CC3)n(CC(=O)Nc3ccc(Cl)cn3)c2cn1,SR-MMP,0.0,0.0,1,0.5023538985579016,True,0.0,false_positive,0.5023538985579016,0.5023538985579016
TOX28683,O=C(Cn1c(=O)sc2ccc(Cl)cc21)N1CCN(CCO)CC1,SR-MMP,0.0,0.0,1,0.5637091532097648,True,0.0,false_positive,0.5637091532097648,0.5637091532097648
TOX66,Nc1ncc([N+](=O)[O-])s1,SR-MMP,1.0,1.0,0,0.09319651051651269,True,0.0,false_negative,0.9068034894834873,0.9068034894834873
TOX22436,COc1cc(O)c(C(=O)c2ccccc2)cc1S(=O)(=O)O,SR-MMP,0.0,0.0,1,0.6395935962700076,True,0.0,false_positive,0.6395935962700076,0.6395935962700076
TOX5331,O=[N+]([O-])c1ccc(F)c([N+](=O)[O-])c1,SR-MMP,1.0,1.0,0,0.28742494854362505,True,0.0,false_negative,0.7125750514563749,0.7125750514563749
TOX27729,Oc1ccccc1F,SR-MMP,0.0,0.0,1,0.535079486968689,True,0.0,false_positive,0.535079486968689,0.535079486968689
TOX1464,CN(C)C(=S)[S-].CN(C)C(=S)[S-].[Zn+2],SR-MMP,1.0,1.0,0,0.13759581074428207,True,0.0,false_negative,0.8624041892557179,0.8624041892557179
TOX1304,NCCS(=O)(=O)O,SR-MMP,1.0,1.0,0,0.07109452492847983,True,0.0,false_negative,0.9289054750715202,0.9289054750715202
TOX1483,O=CCc1ccccc1,SR-MMP,1.0,1.0,0,0.03446621472877042,True,0.0,false_negative,0.9655337852712296,0.9655337852712296
TOX26638,CCC(C)(Oc1ccc(C2(c3ccc(OC(C)(CC)C(=O)O)cc3)CCCCC2)cc1)C(=O)O,SR-MMP,0.0,0.0,1,0.5637974813128187,True,0.0,false_positive,0.5637974813128187,0.5637974813128187
TOX3744,Cc1cccc(C)c1NC(=O)c1cc(S(N)(=O)=O)c(Cl)cc1O,SR-MMP,0.0,0.0,1,0.715466375390973,True,0.0,false_positive,0.715466375390973,0.715466375390973
TOX14625,CO/N=C(/C1=NOCCO1)c1ccccc1Oc1ncnc(Oc2ccccc2Cl)c1F,SR-MMP,1.0,1.0,0,0.09740869059532944,True,0.0,false_negative,0.9025913094046706,0.9025913094046706
TOX3973,CSc1ccc(Cl)cc1,SR-MMP,0.0,0.0,1,0.6770468961307957,True,0.0,false_positive,0.6770468961307957,0.6770468961307957
TOX26576,CCN1C(=CC=Cc2ccc3ccccc3[n+]2CC)C=Cc2ccccc21,SR-MMP,1.0,1.0,0,0.24714615485541383,True,0.0,false_negative,0.7528538451445862,0.7528538451445862
TOX3998,CC1(C)C(C=C(Cl)Cl)C1C(=O)OC(C#N)c1cccc(Oc2ccccc2)c1,SR-MMP,0.0,0.0,1,0.9867103838058253,True,0.0,false_positive,0.9867103838058253,0.9867103838058253
TOX24817,CC1C2CC(CC2C2CCCC(O)C2)C1(C)C,SR-MMP,1.0,1.0,0,0.03458261335508181,True,0.0,false_negative,0.9654173866449182,0.9654173866449182
TOX3155,Oc1c(I)cc(I)c2cccnc12,SR-MMP,0.0,0.0,1,0.7391089360545307,True,0.0,false_positive,0.7391089360545307,0.7391089360545307
TOX15616,O=[N+]([O-])c1ccccc1[O-],SR-MMP,0.0,0.0,1,0.8885838530451267,True,0.0,false_positive,0.8885838530451267,0.8885838530451267
TOX26658,CC[C@@]1(O)C[C@H](O[C@H]2C[C@H](N(C)C)[C@H](O[C@H]3C[C@H](O)[C@H](O[C@H]4CCC(=O)[C@H](C)O4)[C@H](C)O3)[C@H](C)O2)c2c(cc3c(c2O)C(=O)c2c(O)cccc2C3=O)[C@H]1C(=O)OC,SR-MMP,1.0,1.0,0,0.31378973130772875,True,0.0,false_negative,0.6862102686922713,0.6862102686922713
TOX25469,CC(C(=O)O)c1ccc(C(=O)c2cccs2)cc1,SR-MMP,0.0,0.0,1,0.6259457571265705,True,0.0,false_positive,0.6259457571265705,0.6259457571265705
TOX26034,C[C@H]1O[C@H](O[C@@H]2[C@@H](CO)O[C@H](O[C@@H]3[C@@H](CO)O[C@@H](O)[C@H](O)[C@H]3O)[C@H](O)[C@H]2O)[C@H](O)[C@@H](O)[C@@H]1N[C@H]1C=C(CO)[C@@H](O)[C@H](O)[C@H]1O,SR-MMP,0.0,0.0,1,0.6307142887967635,True,0.0,false_positive,0.6307142887967635,0.6307142887967635
TOX11290,CC(=O)C1(C)CC2=C(CCCC2(C)C)CC1C,SR-MMP,1.0,1.0,0,0.10889195060768268,True,0.0,false_negative,0.8911080493923174,0.8911080493923174
TOX627,OC(Cn1cncn1)(Cn1cncn1)c1ccc(F)cc1F,SR-MMP,0.0,0.0,1,0.7188844173421428,True,0.0,false_positive,0.7188844173421428,0.7188844173421428
TOX9331,CCCCCC1=CCCC1=O,SR-MMP,0.0,0.0,1,0.5801501093468375,True,0.0,false_positive,0.5801501093468375,0.5801501093468375
TOX22,O=C(O)c1cc(Oc2ccc(C(F)(F)F)cc2Cl)ccc1[N+](=O)[O-],SR-MMP,0.0,0.0,1,0.7605121470885718,True,0.0,false_positive,0.7605121470885718,0.7605121470885718
TOX1867,Nc1ccc(Br)cc1,SR-MMP,0.0,0.0,1,0.5014255167382211,True,0.0,false_positive,0.5014255167382211,0.5014255167382211
TOX28895,CC(C)=CCC/C(C)=C/CC/C(C)=C/CC/C(C)=C/CC1=C(C)C(=O)c2ccccc2C1=O,SR-MMP,0.0,0.0,1,0.7041548531597901,True,0.0,false_positive,0.7041548531597901,0.7041548531597901
TOX4291,CCOP(=S)(OCC)Oc1cnc2ccccc2n1,SR-MMP,0.0,0.0,1,0.5946200109242964,True,0.0,false_positive,0.5946200109242964,0.5946200109242964
TOX7565,CC(=O)O[Si](C)(OC(C)=O)OC(C)=O,SR-MMP,1.0,1.0,0,0.002910351274930232,True,0.0,false_negative,0.9970896487250698,0.9970896487250698
TOX28511,CC#CCC(C)[C@H](O)/C=C/[C@@H]1[C@H]2c3cccc(CCCC(=O)[O-])c3O[C@H]2C[C@H]1O,SR-p53,0.0,0.0,1,0.5262913820969645,True,0.0,false_positive,0.5262913820969645,0.5262913820969645
TOX26137,Cc1c(C)n(Cc2ccccc2)c2ccc(C(=O)OCCN(C)C)cc12,SR-p53,0.0,0.0,1,0.5098806661809148,True,0.0,false_positive,0.5098806661809148,0.5098806661809148
TOX24971,c1cc(C(c2ccc(OCC3CO3)cc2)c2ccc(OCC3CO3)cc2)ccc1OCC1CO1,SR-p53,0.0,0.0,1,0.9720740627055733,True,0.0,false_positive,0.9720740627055733,0.9720740627055733
TOX4783,C=CC(=O)OCCCl,SR-p53,0.0,0.0,1,0.8498109487624096,True,0.0,false_positive,0.8498109487624096,0.8498109487624096
TOX28984,O=P1(N(CCCl)CCCl)NC(OO)CCO1,SR-p53,0.0,0.0,1,0.8144568088463446,True,0.0,false_positive,0.8144568088463446,0.8144568088463446
TOX3071,CCN(CC)CCN1C(=O)CN=C(c2ccccc2F)c2cc(Cl)ccc21,SR-p53,0.0,0.0,1,0.7926847597224224,True,0.0,false_positive,0.7926847597224224,0.7926847597224224
TOX20134,CC[C@]12CCCN3CCc4c(n(c5ccccc45)[C@@](O)(C(=O)OC)C1)[C@@H]32,SR-p53,0.0,0.0,1,0.6083015201882345,True,0.0,false_positive,0.6083015201882345,0.6083015201882345
TOX1771,CCC(C)(C)c1ccc(O)cc1,SR-p53,0.0,0.0,1,0.7894718791128323,True,0.0,false_positive,0.7894718791128323,0.7894718791128323
TOX3051,CC(C)=CCC1C(=O)N(c2ccccc2)N(c2ccccc2)C1=O,SR-p53,1.0,1.0,0,0.08219185605720743,True,0.0,false_negative,0.9178081439427925,0.9178081439427925
TOX26778,C[C@]12O[C@H](C[C@]1(O)CO)n1c3ccccc3c3c4c(c5c6ccccc6n2c5c31)CNC4=O,SR-p53,1.0,1.0,0,0.0961279575024289,True,0.0,false_negative,0.9038720424975711,0.9038720424975711
TOX5005,Oc1ccc(Cl)c(Cl)c1,SR-p53,0.0,0.0,1,0.6892377000450818,True,0.0,false_positive,0.6892377000450818,0.6892377000450818
TOX22559,COc1cc(-c2ccc(=O)[nH]n2)ccc1OC(F)F,SR-p53,0.0,0.0,1,0.9760319709670203,True,0.0,false_positive,0.9760319709670203,0.9760319709670203
TOX25701,N[C@H]1[C@@H]2CN(c3nc4c(cc3F)c(=O)c(C(=O)O)cn4-c3ccc(F)cc3F)C[C@H]12,SR-p53,1.0,1.0,0,0.00037821635406328635,True,0.0,false_negative,0.9996217836459367,0.9996217836459367
TOX18939,NS(=O)(=O)C(F)(F)C(F)(F)C(F)(F)C(F)(F)C(F)(F)C(F)(F)C(F)(F)C(F)(F)F,SR-p53,1.0,1.0,0,0.03848624148651661,True,0.0,false_negative,0.9615137585134834,0.9615137585134834
TOX401,Nc1ccc(O)c(N)c1,SR-p53,0.0,0.0,1,0.8373847318423783,True,0.0,false_positive,0.8373847318423783,0.8373847318423783
TOX419,CCCC[Sn](CCCC)(OC(C)=O)OC(C)=O,SR-p53,1.0,1.0,0,0.1592588751835475,True,0.0,false_negative,0.8407411248164525,0.8407411248164525
TOX2659,CN1[C@H]2CC[C@@H]1C[C@H](OC(c1ccccc1)c1ccccc1)C2,SR-p53,0.0,0.0,1,0.5214313043978621,True,0.0,false_positive,0.5214313043978621,0.5214313043978621
TOX27312,N#Cc1ccc(N(CC(N)=O)CC(F)(F)F)cc1C(F)(F)F,SR-p53,0.0,0.0,1,0.9955689131422912,True,0.0,false_positive,0.9955689131422912,0.9955689131422912
TOX9572,CC1COc2ccccc2N1C(=O)C(Cl)Cl,SR-p53,1.0,1.0,0,0.032663785103342495,True,0.0,false_negative,0.9673362148966576,0.9673362148966576
TOX11862,O=C(O)C(F)(F)C(F)(F)C(F)(F)C(F)(F)C(F)(F)F,SR-p53,0.0,0.0,1,0.7273331505481981,True,0.0,false_positive,0.7273331505481981,0.7273331505481981
TOX28772,O=C1NC2CCCCN2C12CCN(CCCN1c3ccccc3CCc3ccc(Cl)cc31)CC2,SR-p53,0.0,0.0,1,0.9609757438554928,True,0.0,false_positive,0.9609757438554928,0.9609757438554928
TOX1106,Oc1c(Cl)c(Cl)c(Cl)c(Cl)c1Cl,SR-p53,1.0,1.0,0,0.40182915903114425,True,0.0,false_negative,0.5981708409688558,0.5981708409688558
TOX1777,Cc1cc2nc3c(=O)[nH]c(=O)nc-3n(C[C@H](O)[C@H](O)[C@H](O)CO)c2cc1C,SR-p53,0.0,0.0,1,0.9896026597080723,True,0.0,false_positive,0.9896026597080723,0.9896026597080723
TOX27569,Oc1ccc2c(c1)Cc1ccccc1-2,SR-p53,1.0,1.0,0,0.09609546057923503,True,0.0,false_negative,0.903904539420765,0.903904539420765
TOX26842,COc1nc(N)nc2c1ncn2[C@@H]1O[C@H](CO)[C@@H](O)[C@@H]1O,SR-p53,0.0,0.0,1,0.9695958770701973,True,0.0,false_positive,0.9695958770701973,0.9695958770701973
TOX22462,IC(I)=C(I)I,SR-p53,1.0,1.0,0,0.09019844599511188,True,0.0,false_negative,0.9098015540048882,0.9098015540048882
TOX5361,C=C(C)C(=O)OCC1CO1,SR-p53,0.0,0.0,1,0.5243402788392376,True,0.0,false_positive,0.5243402788392376,0.5243402788392376
TOX27832,OC(CCN1CCCCC1)(c1ccccc1)C1CC2C=CC1C2,SR-p53,0.0,0.0,1,0.6139110879970983,True,0.0,false_positive,0.6139110879970983,0.6139110879970983
TOX25375,CC1(C)O[C@@H]2C[C@H]3[C@@H]4CCC5=CC(=O)CC[C@]5(C)[C@@]4(F)[C@@H](O)C[C@]3(C)[C@]2(C(=O)CCl)O1,SR-p53,0.0,0.0,1,0.8834048518979155,True,0.0,false_positive,0.8834048518979155,0.8834048518979155
TOX26903,N=C(N)NN=C(C=Cc1ccc([N+](=O)[O-])o1)C=Cc1ccc([N+](=O)[O-])o1,SR-p53,1.0,1.0,0,0.03153324516982617,True,0.0,false_negative,0.9684667548301739,0.9684667548301739
TOX13674,COC1=CC(=O)O[C@@H](/C=C/c2ccc3c(c2)OCO3)C1,SR-p53,0.0,0.0,1,0.9662474936679392,True,0.0,false_positive,0.9662474936679392,0.9662474936679392
TOX12525,COc1ccc(-c2ccccc2)cc1NNC(=O)OC(C)C,SR-p53,0.0,0.0,1,0.9536025857618772,True,0.0,false_positive,0.9536025857618772,0.9536025857618772
TOX20715,C=CC(=O)OCCOc1ccccc1,SR-p53,1.0,1.0,0,0.23838679019913975,True,0.0,false_negative,0.7616132098008602,0.7616132098008602
TOX29159,CN(C)c1ccc(/C=C/c2ccc([N+](=O)[O-])cc2)cc1,SR-p53,0.0,0.0,1,0.8706800050375679,True,0.0,false_positive,0.8706800050375679,0.8706800050375679
TOX21250,CC(C)Nc1ccc(NC(C)C)c2c1C(=O)c1ccccc1C2=O,SR-p53,0.0,0.0,1,0.6826404735584288,True,0.0,false_positive,0.6826404735584288,0.6826404735584288
TOX20547,CC1(S(=O)(=O)[O-])CC(=O)c2ccccc2C1=O,SR-p53,1.0,1.0,0,0.0014627162881280696,True,0.0,false_negative,0.9985372837118719,0.9985372837118719
TOX22097,CC1OC1C1CCC2(C)OC2C1,SR-p53,0.0,0.0,1,0.5578387864785757,True,0.0,false_positive,0.5578387864785757,0.5578387864785757
TOX26213,CCOc1cc(-c2nccc3cc(OC)c(OC)cc23)cc(OCC)c1OCC,SR-p53,0.0,0.0,1,0.9516976386742584,True,0.0,false_positive,0.9516976386742584,0.9516976386742584
TOX14181,O=C(c1ccc(OCCN2CCCCC2)cc1)c1c(-c2ccc(O)cc2)sc2cc(O)ccc12,SR-p53,1.0,1.0,0,0.4154923538000801,True,0.0,false_negative,0.5845076461999199,0.5845076461999199
TOX15013,Cl[Zn]Cl,SR-p53,0.0,0.0,1,0.57206996825369,True,0.0,false_positive,0.57206996825369,0.57206996825369
TOX2187,Cc1ccc(C)c(O)c1C,SR-p53,0.0,0.0,1,0.568683128103575,True,0.0,false_positive,0.568683128103575,0.568683128103575
TOX20712,CC[Sn](Br)(CC)CC,SR-p53,1.0,1.0,0,0.15161250922591205,True,0.0,false_negative,0.8483874907740879,0.8483874907740879
TOX18922,CC(C)(c1cc(Br)c(OCCO)c(Br)c1)c1cc(Br)c(OCCO)c(Br)c1,SR-p53,1.0,1.0,0,0.026318688332234524,True,0.0,false_negative,0.9736813116677655,0.9736813116677655
TOX12533,CCOCn1c(-c2ccc(Cl)cc2)c(C#N)c(Br)c1C(F)(F)F,SR-p53,1.0,1.0,0,0.13814045735751118,True,0.0,false_negative,0.8618595426424889,0.8618595426424889
TOX24805,C1CC(COCC2CO2)CCC1COCC1CO1,SR-p53,0.0,0.0,1,0.7761940374895141,True,0.0,false_positive,0.7761940374895141,0.7761940374895141
TOX1214,O=C1c2ccccc2C(=O)c2c(O)c(O)cc(O)c21,SR-p53,0.0,0.0,1,0.942067642923614,True,0.0,false_positive,0.942067642923614,0.942067642923614
TOX28565,CCCCC(F)(F)[C@@]1(O)CC[C@H]2[C@@H](CC(=O)[C@@H]2CCCCCCC(=O)O)O1,SR-p53,0.0,0.0,1,0.7075531573106473,True,0.0,false_positive,0.7075531573106473,0.7075531573106473
TOX24836,O=C(c1ccc(O)cc1)c1ccc(O)cc1O,SR-p53,0.0,0.0,1,0.722677361380625,True,0.0,false_positive,0.722677361380625,0.722677361380625
TOX3740,CCOC(=O)C1=C[C@]2(CC)CCCN3CCc4c(n1c1ccccc41)[C@@H]32,SR-p53,0.0,0.0,1,0.8416235567510391,True,0.0,false_positive,0.8416235567510391,0.8416235567510391
TOX12581,CCC(C)(NC(=O)c1cc(Cl)c(C)c(Cl)c1)C(=O)CCl,SR-p53,1.0,1.0,0,0.22408468685689603,True,0.0,false_negative,0.775915313143104,0.775915313143104
TOX3693,COc1ccc(/C=C/C(=O)Nc2ccccc2C(=O)O)cc1OC,SR-p53,0.0,0.0,1,0.8301844161333496,True,0.0,false_positive,0.8301844161333496,0.8301844161333496
TOX3380,C#C[C@]1(O)CC[C@H]2[C@@H]3CCC4=CC(=O)CC[C@@H]4[C@H]3CC[C@@]21C,SR-p53,0.0,0.0,1,0.6378994750400756,True,0.0,false_positive,0.6378994750400756,0.6378994750400756
TOX2366,C[C@]12CC[C@@H]3c4ccc(O)cc4CC[C@H]3[C@@H]1C[C@@H](O)[C@@H]2O,SR-p53,0.0,0.0,1,0.6531954517252699,True,0.0,false_positive,0.6531954517252699,0.6531954517252699
TOX5830,BrC(Br)C(Br)(Br)Br,SR-p53,1.0,1.0,0,0.0934833656862011,True,0.0,false_negative,0.9065166343137989,0.9065166343137989
TOX22244,O=C(Nc1ccc(O)cc1)c1ccccc1O,SR-p53,0.0,0.0,1,0.8562207439186656,True,0.0,false_positive,0.8562207439186656,0.8562207439186656
TOX5538,S=C1NC=NC2N=CNC12,SR-p53,1.0,1.0,0,0.20981082448637509,True,0.0,false_negative,0.7901891755136249,0.7901891755136249
TOX27686,CC1(C)CCC[C@@]2(C)[C@H]1CC[C@@]1(C)OC(=O)C[C@H]21,SR-p53,0.0,0.0,1,0.8301740054150982,True,0.0,false_positive,0.8301740054150982,0.8301740054150982
TOX1199,CCCCN(CC)C(=O)SCCC,SR-p53,0.0,0.0,1,0.5146324013321865,True,0.0,false_positive,0.5146324013321865,0.5146324013321865
TOX3179,COC(=O)C1=C(C)NC(C)=C(C(=O)OC(C)C)C1c1cccc2nonc12,SR-p53,0.0,0.0,1,0.7459509941497918,True,0.0,false_positive,0.7459509941497918,0.7459509941497918
TOX28600,N=C(N)c1ccc(OCCCOc2ccc(C(=N)N)cc2)cc1,SR-p53,0.0,0.0,1,0.6791897413027999,True,0.0,false_positive,0.6791897413027999,0.6791897413027999
TOX24429,O=C(Cl)c1cc(C(=O)Cl)cc(C(=O)Cl)c1,SR-p53,1.0,1.0,0,0.08391944338240966,True,0.0,false_negative,0.9160805566175904,0.9160805566175904
TOX26748,C=CCn1c(=O)n([C@@H]2O[C@H](CO)[C@@H](O)[C@H]2O)c2nc(N)[nH]c(=O)c21,SR-p53,0.0,0.0,1,0.5298195459575317,True,0.0,false_positive,0.5298195459575317,0.5298195459575317
TOX27330,CC(C)(O)c1cnn2c(-c3ccc(F)c(-c4c(F)cccc4C#N)c3)cnc2n1,SR-p53,0.0,0.0,1,0.7374622653977118,True,0.0,false_positive,0.7374622653977118,0.7374622653977118
TOX27553,O=C(O)C(F)(F)C(F)(F)C(F)(F)C(F)(F)C(F)(F)C(F)(F)C(F)(F)C(F)(F)C(F)(F)C(F)(F)F,SR-p53,0.0,0.0,1,0.7273331505481981,True,0.0,false_positive,0.7273331505481981,0.7273331505481981
TOX15206,C=CCSSCC=C,SR-p53,1.0,1.0,0,0.0887578423942145,True,0.0,false_negative,0.9112421576057855,0.9112421576057855
TOX28672,O=C(Nc1ccc(S(=O)(=O)N2CCOCC2)cc1)c1cc(Cl)ccc1NS(=O)(=O)c1ccc(Cl)s1,SR-p53,1.0,1.0,0,0.13214263699674997,True,0.0,false_negative,0.86785736300325,0.86785736300325
TOX25741,COP(=O)(OC)OC(c1ccc(Cl)cc1)P(=O)(OC)OC,SR-p53,0.0,0.0,1,0.6460150448176747,True,0.0,false_positive,0.6460150448176747,0.6460150448176747
TOX699,CCCCCCc1ccc(O)cc1O,SR-p53,0.0,0.0,1,0.9102655219980402,True,0.0,false_positive,0.9102655219980402,0.9102655219980402
TOX3587,O=C1NC(=O)[C@@]2(CCOc3ccc(F)cc32)N1,SR-p53,0.0,0.0,1,0.5258186473997322,True,0.0,false_positive,0.5258186473997322,0.5258186473997322
TOX28170,CCCCCCOc1ccc(O)cc1,SR-p53,1.0,1.0,0,0.17690194457927297,True,0.0,false_negative,0.823098055420727,0.823098055420727
TOX24846,O=Cc1ccc(Cl)c([N+](=O)[O-])c1,SR-p53,0.0,0.0,1,0.6013247009873123,True,0.0,false_positive,0.6013247009873123,0.6013247009873123
TOX2828,Nc1nc(Cl)nc2c1ncn2[C@H]1C[C@H](O)[C@@H](CO)O1,SR-p53,1.0,1.0,0,0.27041636425759247,True,0.0,false_negative,0.7295836357424075,0.7295836357424075
TOX3586,CC(C)=CCOc1ccc(/C=C/C(=O)c2ccc(OCC=C(C)C)cc2OCC(=O)O)cc1,SR-p53,1.0,1.0,0,0.48089321629257026,True,0.0,false_negative,0.5191067837074297,0.5191067837074297
TOX25948,CO/N=C1\CN(c2nc3c(cc2F)c(=O)c(C(=O)O)cn3C2CC2)CC1CN,SR-p53,0.0,0.0,1,0.6776261129597041,True,0.0,false_positive,0.6776261129597041,0.6776261129597041
TOX20735,C1CCC2(CCCCO2)OC1,SR-p53,0.0,0.0,1,0.5663453076377053,True,0.0,false_positive,0.5663453076377053,0.5663453076377053
TOX2425,O=C(c1ccc(O)cc1)c1ccc(O)cc1,SR-p53,0.0,0.0,1,0.801139953789082,True,0.0,false_positive,0.801139953789082,0.801139953789082
TOX28689,O=C(Nc1ccc(/C=C/c2ccc(NC(=O)c3cc(S(=O)(=O)O)c4cccnc4c3O)cc2S(=O)(=O)O)c(S(=O)(=O)O)c1)c1cc(S(=O)(=O)O)c2cccnc2c1O,SR-p53,0.0,0.0,1,0.9992691831568743,True,0.0,false_positive,0.9992691831568743,0.9992691831568743
TOX27316,CCCCN1C(=O)[C@@H]([C@H](O)C2CCCCC2)NC(=O)C12CCN(Cc1ccc(Oc3ccc(C(=O)O)cc3)cc1)CC2,SR-p53,1.0,1.0,0,8.650791744262799e-05,True,0.0,false_negative,0.9999134920825574,0.9999134920825574
TOX14722,Cc1c(C(=O)c2cnn(C)c2O)ccc(S(C)(=O)=O)c1C1=NOCC1,SR-p53,0.0,0.0,1,0.7865545135904038,True,0.0,false_positive,0.7865545135904038,0.7865545135904038
TOX24940,C=CC(=O)OCC1CC2CC1C1CCC(COC(=O)C=C)C21,SR-p53,1.0,1.0,0,0.20789732155302465,True,0.0,false_negative,0.7921026784469754,0.7921026784469754
TOX25973,Oc1ccc(Cl)c2cccnc12,SR-p53,0.0,0.0,1,0.9796355461229802,True,0.0,false_positive,0.9796355461229802,0.9796355461229802
TOX28936,CCN(CC)CCn1c(=O)c(Cc2ccc(OC)cc2)nc2ccccc21,SR-p53,0.0,0.0,1,0.54156443036297,True,0.0,false_positive,0.54156443036297,0.54156443036297
TOX25651,CN1C(=O)COc2c(C(=O)NC3CN4CCC3CC4)cc(Cl)cc21,SR-p53,0.0,0.0,1,0.6418268882406175,True,0.0,false_positive,0.6418268882406175,0.6418268882406175
TOX4585,c1ccc2c(c1)ccc1ncccc12,SR-p53,1.0,1.0,0,0.29494765644881743,True,0.0,false_negative,0.7050523435511826,0.7050523435511826
TOX28837,C[C@@H]1[C@H]2Cc3ccc(O)cc3[C@]1(C)CCN2C,SR-p53,0.0,0.0,1,0.664282151009567,True,0.0,false_positive,0.664282151009567,0.664282151009567
TOX24623,C=CC(=O)OCCCCO,SR-p53,0.0,0.0,1,0.867165809859721,True,0.0,false_positive,0.867165809859721,0.867165809859721
TOX27242,COc1ccc(N)cc1N,SR-p53,1.0,1.0,0,0.22332265538269758,True,0.0,false_negative,0.7766773446173024,0.7766773446173024
TOX469,O=C1c2ccccc2CN2C(=O)c3ccccc3CN12,SR-p53,0.0,0.0,1,0.7221286842724555,True,0.0,false_positive,0.7221286842724555,0.7221286842724555
TOX22437,COC(=O)Nc1ccc(Cl)c(Cl)c1,SR-p53,0.0,0.0,1,0.8877361938795777,True,0.0,false_positive,0.8877361938795777,0.8877361938795777
TOX7902,CC1=CC2C3CC(C=C3C)C2C1,SR-p53,0.0,0.0,1,0.9192462892119109,True,0.0,false_positive,0.9192462892119109,0.9192462892119109
TOX12315,CCCCCCCCn1sc(Cl)c(Cl)c1=O,SR-p53,1.0,1.0,0,0.012407025666610498,True,0.0,false_negative,0.9875929743333896,0.9875929743333896
TOX5903,O=c1[nH]ncc2ccccc12,SR-p53,0.0,0.0,1,0.7136877028883142,True,0.0,false_positive,0.7136877028883142,0.7136877028883142
TOX24223,O=C1[C@H](CC[C@H](O)c2ccc(F)cc2)[C@@H](c2ccc(O)cc2)N1c1ccc(F)cc1,SR-p53,0.0,0.0,1,0.6075676334221726,True,0.0,false_positive,0.6075676334221726,0.6075676334221726
TOX29099,CC(=O)c1ccc2ccc3ccccc3c2c1,SR-p53,1.0,1.0,0,0.16800475619292948,True,0.0,false_negative,0.8319952438070706,0.8319952438070706
TOX28871,O=C(NOCC1CC1)c1ccc(F)c(F)c1Nc1ccc(I)cc1Cl,SR-p53,1.0,1.0,0,0.3768447541760787,True,0.0,false_negative,0.6231552458239213,0.6231552458239213
TOX7599,O=C([O-])CS,SR-p53,0.0,0.0,1,0.5362388793260257,True,0.0,false_positive,0.5362388793260257,0.5362388793260257
TOX27385,COCCOc1cc2cc(C(=O)NC3CCN(C(C)C)CC3)n(CC(=O)Nc3ccc(Cl)cn3)c2cn1,SR-p53,0.0,0.0,1,0.9817349831098664,True,0.0,false_positive,0.9817349831098664,0.9817349831098664
TOX28683,O=C(Cn1c(=O)sc2ccc(Cl)cc21)N1CCN(CCO)CC1,SR-p53,0.0,0.0,1,0.6080796755226097,True,0.0,false_positive,0.6080796755226097,0.6080796755226097
TOX26883,CCCCCCCCCC(=O)NO,SR-p53,1.0,1.0,0,0.027152546854204596,True,0.0,false_negative,0.9728474531457953,0.9728474531457953
TOX12398,N#Cc1c[nH]cc1-c1cccc2c1OC(F)(F)O2,SR-p53,1.0,1.0,0,0.4322054797082882,True,0.0,false_negative,0.5677945202917118,0.5677945202917118
TOX1464,CN(C)C(=S)[S-].CN(C)C(=S)[S-].[Zn+2],SR-p53,1.0,1.0,0,0.03458503244584716,True,0.0,false_negative,0.9654149675541528,0.9654149675541528
TOX28865,Clc1ccc([C@@H]2C[C@H]3CC[C@@H]2N3)cn1,SR-p53,0.0,0.0,1,0.6322782509104757,True,0.0,false_positive,0.6322782509104757,0.6322782509104757
TOX21622,CCOC(=O)CCN(SN(C)C(=O)Oc1cccc2c1OC(C)(C)C2)C(C)C,SR-p53,0.0,0.0,1,0.8308238273526385,True,0.0,false_positive,0.8308238273526385,0.8308238273526385
TOX22579,O=C1NCN(c2ccccc2)C12CCN(CCCOc1ccc(F)cc1)CC2,SR-p53,0.0,0.0,1,0.8697156676330516,True,0.0,false_positive,0.8697156676330516,0.8697156676330516
TOX28919,CCCC1([C@H](O)C/C=C/[C@H]2[C@H](O)CC(=O)[C@@H]2CCCCCCC(=O)OC)CCC1,SR-p53,1.0,1.0,0,0.049529654047657266,True,0.0,false_negative,0.9504703459523427,0.9504703459523427
TOX27702,CSSc1ccoc1C,SR-p53,0.0,0.0,1,0.9062058493813206,True,0.0,false_positive,0.9062058493813206,0.9062058493813206
TOX3094,C#C[C@]1(O)CC[C@H]2[C@@H]3CCC4=CC(=O)CCC4=C3C=C[C@@]21CC,SR-p53,0.0,0.0,1,0.7052731041856614,True,0.0,false_positive,0.7052731041856614,0.7052731041856614
TOX29268,Brc1c2ccccc2c(Br)c2ccccc12,SR-p53,1.0,1.0,0,0.4554755140348176,True,0.0,false_negative,0.5445244859651823,0.5445244859651823
TOX21977,CC(C)OC(=O)C(C)N(C(=O)c1ccccc1)c1ccc(F)c(Cl)c1,SR-p53,0.0,0.0,1,0.9130667359164065,True,0.0,false_positive,0.9130667359164065,0.9130667359164065
TOX22369,CCN(CC)c1ccc2c(-c3ccccc3C(=O)O)c3ccc(N(CC)CC)cc3[o+]c2c1,SR-p53,0.0,0.0,1,0.9723772102210058,True,0.0,false_positive,0.9723772102210058,0.9723772102210058
TOX26178,CCCOc1ccc2nc(NC(=O)OC)sc2c1,SR-p53,1.0,1.0,0,0.3227310540201488,True,0.0,false_negative,0.6772689459798512,0.6772689459798512
TOX21799,O=c1oc2ccccc2c(O)c1C1CCCc2ccccc21,SR-p53,0.0,0.0,1,0.9387603922426782,True,0.0,false_positive,0.9387603922426782,0.9387603922426782
TOX5237,BrCC1CO1,SR-p53,0.0,0.0,1,0.5371477309037507,True,0.0,false_positive,0.5371477309037507,0.5371477309037507
TOX96,O=C([O-])C1O[Sb]2OC(=O)C(O2)C(C(=O)[O-])O[Sb]2OC(=O)C1O2,SR-p53,1.0,1.0,0,0.010871208064529212,True,0.0,false_negative,0.9891287919354708,0.9891287919354708
TOX4855,COc1cc(N)ccc1C,SR-p53,0.0,0.0,1,0.6226174939785233,True,0.0,false_positive,0.6226174939785233,0.6226174939785233
TOX279,C=C(C)CCl,SR-p53,0.0,0.0,1,0.5361558791524571,True,0.0,false_positive,0.5361558791524571,0.5361558791524571
TOX5527,CC(=O)O[C@]1(C(C)=O)CC[C@H]2[C@@H]3C[C@H](C)C4=CC(=O)CC[C@]4(C)[C@H]3CC[C@@]21C,SR-p53,0.0,0.0,1,0.5831972305244166,True,0.0,false_positive,0.5831972305244166,0.5831972305244166
TOX26034,C[C@H]1O[C@H](O[C@@H]2[C@@H](CO)O[C@H](O[C@@H]3[C@@H](CO)O[C@@H](O)[C@H](O)[C@H]3O)[C@H](O)[C@H]2O)[C@H](O)[C@@H](O)[C@@H]1N[C@H]1C=C(CO)[C@@H](O)[C@H](O)[C@H]1O,SR-p53,0.0,0.0,1,0.6752841347061134,True,0.0,false_positive,0.6752841347061134,0.6752841347061134
TOX25998,CO[C@H]1C=CO[C@@]2(C)Oc3c(C)c(O)c4c(O)c(c5c(nc6cc(C)ccn65)c4c3C2=O)NC(=O)C(C)=CC=C[C@H](C)[C@H](O)[C@@H](C)[C@@H](O)[C@@H](C)[C@H](OC(C)=O)[C@@H]1C,SR-p53,0.0,0.0,1,0.6758405542807127,True,0.0,false_positive,0.6758405542807127,0.6758405542807127
TOX21689,CCOC(=O)c1cnc2cc(OCC(C)C)c(OCC(C)C)cc2c1O,SR-p53,0.0,0.0,1,0.5966433799523397,True,0.0,false_positive,0.5966433799523397,0.5966433799523397
TOX27866,Cc1cc(C(C)(C)c2ccc(O)c(C)c2)ccc1O,SR-p53,1.0,1.0,0,0.17849801752086614,True,0.0,false_negative,0.8215019824791339,0.8215019824791339
TOX25347,CCN(CC)C(C)CN1c2ccccc2Sc2ccccc21,SR-p53,0.0,0.0,1,0.5612463785008409,True,0.0,false_positive,0.5612463785008409,0.5612463785008409
TOX2736,CCOC(=O)n1ccn(C)c1=S,SR-p53,0.0,0.0,1,0.6770441770096253,True,0.0,false_positive,0.6770441770096253,0.6770441770096253
TOX10423,O=c1cc(-c2ccccc2)oc2ccc3ccccc3c12,SR-p53,0.0,0.0,1,0.5507326908548315,True,0.0,false_positive,0.5507326908548315,0.5507326908548315
TOX1145,c1ccc(OCC2CO2)cc1,SR-p53,0.0,0.0,1,0.5664974688403704,True,0.0,false_positive,0.5664974688403704,0.5664974688403704
TOX23765,C[C@@H]1O[C@@H](O[C@H]2C[C@@H](O)[C@]3(CO)[C@H]4[C@H](O)C[C@]5(C)[C@@H](C6=CC(=O)OC6)CC[C@]5(O)[C@@H]4CC[C@]3(O)C2)[C@H](O)[C@H](O)[C@H]1O,SR-p53,0.0,0.0,1,0.6029211984971224,True,0.0,false_positive,0.6029211984971224,0.6029211984971224
